job_title	post_url	company	location	summary
Software Support Specialist	https://www.indeed.com/pagead/clk?mo=r&ad=-6NYlbfkN0AtPu15fcnU7wqICzoT3ZwAHq_H4PCbyrnElw_HBP2wS1odQchvgNhE1ve1xMyOSWhwj7cWtqTqfsCwWbKFenk4utr9biUITSZ4zf7IJ8bGG_TjNfBbOYr0VYFc6U6F386WjfA6nXoLQlqVs6qxO2QA0WuY77RpL7tiIS2ehHNws8VkgBiGn6oT2I11QXsyfxOfBUMRDXVsF4N86NHaybQjm0fQ75Bw_-6p4nPTyuRSesSH6Ij6s65EjnhpwwmIMwobWtuBfM5PCM4XHmv3tNKds_nA7f6eGa8mnw78puMeWHrkJFW2Hz2UPjhnb6Anka7yGfxMNlS2LL2CGyS0O0ADRh48PlMYE6V8UhYo93g7WVzE_-kr39lX3D57HgpWS6g25Hcm7V9birItaHWpINUvdgrdUxKSzkLc0nFSt4vq_v7vtgwEsgQ2tj5A09kzNSPrpasbxV-mS-i8TtAPUBZa9Y8t98trzSX5dx9ujbzZAynQWLtyoSv7xhuxuHatWV8=&vjs=3&p=1&fvj=1	SalesPad, LLC	Grand Rapids, MI 49546	As a Software Support Specialist, the typical day includes:. The Software Support Specialist is the problem solver for existing customers....
Software Developer Consultant	https://www.indeed.com/pagead/clk?mo=r&ad=-6NYlbfkN0DHwW8iWtsMFbWl1NO-1llzEgG5GAjodE7ullfS6OpdsnkjFAiQpePukzy7KFkcwWNyNOJjVPTnWGwXjh5BY-rbt6JEirIRovsJDbYLz3KsEuqoqka-NHiTbe-yGGg0EJKRP-WIL_KT_7PnJ6Lf5_MbJ87cexJF74bll9hbakzOPGKRGHjSf0ra_aZgjYM7Mbw9XvIMN5XE82wdbdfap-xgG_Up_49TQvi0r-u4CcmW4aroIOW0HcOOG_v29-JuQs5X2130qweo0-BfSO43Brn8MvLm-bDR6PGGNQevs_Wvx5G1Qmlwzmfo2I4FKTm8CI2eoI4ypt95gmx9RnOKYka6qC7iG_cnQNET1dFOtVyPIufmEgrlvfr-rcfmhuIb0oD_QeyFid4AtegeEdm7J4ad0q1J3o8-hjdcqtfs8DrynkS5KXKzDpqdQGa98zakPUbHGgaBBj86oDzEAj9q1pNhBRmTMD-r0hIgq__DpyEZnlEw7_uRQCtvcqH20wjyjHI=&vjs=3&p=2&fvj=1	SAMSA, Inc.	Saginaw, MI 48638	SAMSA is seeking to augment our staff of developers, as project demand fluctuates. Our development environment is typically LAMP Stack development, focusing...
Full Stack Software Developer	https://www.indeed.com/pagead/clk?mo=r&ad=-6NYlbfkN0DZnTttoiZBMD0jdPYseZb2HEPlZJuoNinGZlKs7M5ZiGScdtnFubRrhVYCEeJ2RC-OTr0gApf1JM0U06crK5UqvK49Na63JwpA6zuL2QeAoa2wTbdRRkUgGR1jD98RC11Nfk6xuELRpBUZj3gO8_8q7aFguTvLpLo4MkqMQPUhwRDEOJZDpF6ATgHlKKwru-j8UH0e1sT5cvYwIImO9lR2bTfD3WhRyqBn7RSNY8HhfC88dNedAfxwWVmAKghpJjaWD7cUUh-r0TUTiG6wsyJTujDfxPNwAWneXLIwmGvedNiIkDiFtX5y8XVF3-LT3rlrxNp17rh3VlkY408jamfUhFYA_2T6qdm3wb6fu56j8edZ0L_usksiaoC9yJ-V6wl37ZeSABaQYEsrqkpsrs84yHHCVTq0-hlus2K8LkNl7XjxSWiFgWQKBg1C8p8focBzHnQsNhvzG776FZb2XvoN3nniAz5MmbOITfj62Lz_4M2oc6RrZVfr4etXqh0HzV0=&vjs=3&p=3&fvj=1	Xcentric Mold & Engineering Inc	Clinton Township, MI 48036	Computer Science/Computer Engineering/CIS or similar. 5+ years of relevant PHP software development experience....
Application Software Developer	https://www.indeed.com/pagead/clk?mo=r&ad=-6NYlbfkN0ChWxueQLQwqTnU1SOb53aNpPiymogyWP7zJdq50ADPt9XALJdv4MiKSyLVzaupTt2vHKjXXGQ48_ZB5lk4sFJEb8rZVY5kykVB2X2gvx14K3123UItis642yOdPVnF1Qx3BRJjYatYTunRENKArTQGHho4pXHpbAf0rMJd3_ewWvnrQOAjI9xbBzF4qKQMOAGFNh1DZaVwXDLqnzBspDFrpvifP-mIcuGGLNoj8OEm1IdUnQqXn1xYGy3Qx4cqnQALmu_ehpnBXcxBVT7RrzT540zDrBWvk_5oL4emqfBH8XPCuDsv2YAmqHZ2qT7tFG3wgAONxskMxnpqmfFqrL1uO2VvmGwiUuC5zQ0HhqXCm7Iwkegfy4fNa6V4bMFHOMorWaiUirl0o-gXmewAknlnZihaaWOwTkxd1d7CzdgMczDi1xyfVWpLLqdD-zC4Xl5Nc0jWW0ivbf4uquYJHgm3AnTfb0NECPtfJUOVEQgR96l9NHiBN-0XEfHiJ6IUXue95RI59ZQzVg==&vjs=3&p=4&fvj=1	Safari Circuits, Inc.	Otsego, MI 49078	Application Software Developer. Job Description includes software development in a variety of programming languages, responsible for translating software...
Sr. Software Engineer	https://www.indeed.com/pagead/clk?mo=r&ad=-6NYlbfkN0AOxi6n8HsuMsel8oOdLKpvIPsAh_2IZQY0TcQUDVqHzOFq64Tshys9g994UYp82b2Apn4Pdrl9WpL8L7OpwrgIEH87wyjsvCly_jakMFpQ4sXi9oeLKHSh6StgCUx9mlJ97je09_6EZfwSVtFtfpVL8dRk6nhM1VibBZtfLIfWAvuf_8lpuhZjeA_R8Ik8-6Yi31RoxGFQq8oBZk8NYqnOj1qa4twUntOJXAWCywiD50e2Fca7-XPXcnrrCcGtdHNXKUnlsc4-1iId8cbopnTjP1KuVr-hVMdl7a0lk1dsLY0L_NoSZ-LRsX8TXALS3a_iSJNk5MsS_GI9apS_w-P6RlURTU8eSVCb-Vqae2vvDN2eQlgAQ375W0vDAkdGf2TwONiZMZrvTnNrNGdocgIV_uSK0cfniQvUfMiTxtU_fqHsvBaVB0p1MZad2yF_2QnV8OKBzdzZb93-UAW3N6sklb4wLAXSdUo-Fp0XO4Yo4OXIPf7O2ONt&vjs=3&p=5&fvj=1	Navitas Systems	Ann Arbor, MI 48108	Software, hardware, etc):. Experience with product life cycle management software and version control software required....
Embedded Software Engineer	https://www.indeed.com/pagead/clk?mo=r&ad=-6NYlbfkN0Bp-ZQ-eJfxuw0kyQVkBCEOiT-sHgOxUofIroznBHhJT0jAVlHrMBXcFskr5FKbP6OwYdqXoIWaIJGDo0WKAhNzL9hb_cQ1BSAxgxp_DySdbOBKbE80vTklxUlPp-V88Tb2wNxlX8zTUDP4vkvVedxQQ-Asae3c_vyA6RU5Ac2-sw8Fj36HnISyCALcj5bE8gyULMGfESWRVodLSI79Jtji-ZD_6-DhMXw4nNPXoBLSfL1QfHeWNVVaOuhmq3mTs2x3oOCk2RA3u3xQ6gcX1e_Oz2KQwFOqoo0G70m-w6LDpK3s2iGLx5KhYIzwcquvK3sOfRgsBcGLv9aZvL05Puy0AOBgMo2ngnGwz9WHF8DeNvsolmAh-nx0nhBB48oE-hBVfbZhKwihEn72GBjOl6voO7K1m_IEML7GGre3Ri0kX-pKiBL0xgwZcBCQuFKzmN2_eMhI0PS37JgxU-MrgEUslVKTgzlQMzknqxLeT-OCqltSfY8vsEpuGMWiiy7z7UjPUJCFqMTICYStVY5kE5g0BSd7gz2YXc1ppyy6oSHSzQ==&vjs=3&p=6&fvj=0	DornerWorks	Grand Rapids, MI 49546	Developer, software, firmware, embedded, embedded software, embedded systems, electrical engineering, EE, computer engineering, CE, computer science, CS, C, C++...
Software Support Analyst	https://www.indeed.com/pagead/clk?mo=r&ad=-6NYlbfkN0DhVZWczZe3ZWdcEhrqHn5mQfCtMc--GP3EZ08JOuxhqt8gBDH10IxgHECIC4pSUV9XegNWY9KtYjfFpx4OvXyq2gilDQtCVexS43qsFpNiFFuPFxlwE47vK5kTY5_Fb-rFGG2Zg1ZMxrcrOUJgzKKraKq5rySiXXOuj7HbdVNvXb8rxAl8ejLQJDBMYj4JSBA501h_no-5w0KNlEHUyYOtxNxDf2h7Pht51UQhg3CXhycnKurq6K5Lh9sGbzAjW4WLNrZl1DDRtA5YuKCsViN7VmPj-jp4ORSYfZUjLpXnkgZ3u9rQUAe5lIkwq-gyvHyp82JvWkNr9GgySTaMkoIQgdw4riq1u-gjtOZE7R_gNQCTCh4f6-ja1wB1A6JGg0t35ZyZTNdP_X9y4WO1kMU_HzhfjcQwlfILWcoXN-JZvuaygKcLSBDT6k2p6dfh_3Kruy3bzdXY56xwgKjxpU4xZHVPKXSQ5uIX6gl4gTs2DcH4ymEnp-ia&vjs=3&p=7&fvj=1	AVL	Milford, MI	Software engineering support for AVL software products and device communications on-site at AVL customer. Pro-actively analyze software usage and problems....
Entry Level Programmer Analyst/ Database Developer	https://www.indeed.com/company/IMCS-Group/jobs/Entry-Level-Programmer-Analyst-cc4b747151b146de?fccid=fb8a60ae2995ecd5&vjs=3	Reliable Software	Northville, MI	Basic Skills in Computer Programming terminologies. Reliable Software is looking for Entry Level. Minimum 0-1 Years experience with Bachelor's/Master's degree...
Entry Level Software Developer	https://www.indeed.com/rc/clk?jk=add504acf6eb91d5&fccid=f28d659c13a0ec47&vjs=3	Reynolds and Reynolds	Ann Arbor, MI 48103	Review software code to ensure compliance with established standards. Assist with full software life cycle (SLC) of various application enhancements....
Jr. Software Developer	https://www.indeed.com/company/Cloud-big-data/jobs/Junior-Software-Developer-bc6704c15f17d260?fccid=70ab0e6ccd0fd153&vjs=3	Cloud Big Data Technologies	Northville, MI	We are a Michigan based IT Company with our core area of expertise in BI/DW & Application Programming. Our consulting practice has a national foot print with...
Junior Software Developer	https://www.indeed.com/company/Nesco-Professional/jobs/Junior-Software-Developer-da0e9f53aa32cbe5?fccid=9409f2dabbf57ff8&vjs=3	Nesco Professional	Holly, MI	Code and test programming for in-house software programs. Immediate opening for a Direct Hire Junior Software Developer to maintain software programs for a...
Software Development Consultant – Job entry-level position	https://www.indeed.com/company/Invensity-GmbH/jobs/Software-Development-Consultant-Entry-Level-Position-7efcae336b2486a9?fccid=fc04695e1d3b9c1a&vjs=3	INVENSITY Inc.	Detroit, MI 48226 (Downtown area)	Develop - Grow your own programming knowledge in all phases of software engineering including requirements analysis, application design, code development and...
Software Developer Intern	https://www.indeed.com/rc/clk?jk=acfb059c7b4815fb&fccid=6a1520c3027994ce&vjs=3	Quicken Loans	Detroit, MI	The Rock Family of Companies is made up of nearly 100 separate businesses spanning fintech, sports, entertainment, real estate, startups and more. We’re...
Entry Level Big Data Developers	https://www.indeed.com/company/IMCS-Group/jobs/Entry-Level-Big-Data-Developer-5d7899dae57b5fa3?fccid=fb8a60ae2995ecd5&vjs=3	Reliable Software	Northville, MI	Entry Level Big Data Developers. Reliable Software is looking for Entry Level. Big Data Developerwith 0-1 yrs experience to work for our own clients in...
Software Developer Junior	https://www.indeed.com/company/TTi-Global/jobs/Software-Developer-Junior-a0469c5e110e9651?fccid=f03eedf71299a8dc&vjs=3	TTi Global	Southfield, MI	Associates/Bachelor’s Degree in Information Technology from an Accredited University in Computer Science or Information Technology with a specialization in...
Entry Level SQL BI Developer	https://www.indeed.com/company/IMCS-Group/jobs/Entry-Level-SQL-Bi-Developer-d1a0f6583d50b409?fccid=fb8a60ae2995ecd5&vjs=3	Reliable Software	Northville, MI	Building dashboards, data warehousing. Conduct data quality investigations and analyses, identifying data quality issues, diagnosing root causes and making...
Embedded Software Engineering Consultant - Job at Entry Leve...	https://www.indeed.com/company/Invensity-GmbH/jobs/Embedded-Software-Engineering-Consultant-7c970406b2e9777e?fccid=fc04695e1d3b9c1a&vjs=3	INVENSITY Inc.	Detroit, MI 48226 (Downtown area)	Develop - grow your own programming knowledge of real-time simulation control software on high performance server systems and embedded hardware using multi...
Software & Business Intelligence Developer	https://www.indeed.com/pagead/clk?mo=r&ad=-6NYlbfkN0BiXK0X9SOZjOl6nAAwqaRoqJ4kONJ2PF48h2U5dOdYpUxRBeXU6EjYC0fMt5Gw6cgMaV4xczMTPl-CgdZMTrVdi9RknXZ4n6zo0cTFxaQBf7PhPmqksDFDlii2GiSUvLsQrjcADBHOb_TdOmRQMlGmHsRMtFxtLngTi7koL9IRP-FdW8XZBiVcavP4wQkYe8kG7jtml4I58TSCrW_2bt9iORiy8lxhSUOQ9aB5F5nXm-vt0CUmiGCW2XLGLFK70ZKz2OHBvx9vP-YV-jRXbQcmw5clbUc6lZhEwIFmyz97PWu4Lv11sgXxw4kolgoOnBr-vaKaE0aifsv1WdyXeUub8GeZ2OwLLBPgodqzPR0EAvcHD4tLNkXlIUDtec6Gb2Y3Em533WunqDWLY-ynLVuAAdCeZklvCtTsYgnBl_ZvaCfAFrnIyeOYzrQJPpNGkQRaKAtQRj-uGJjjWC9j-IdyzE0cg88Iq30BhKl-wgS5wzKGGrUtYRntj7BPapvG_DekUZs5063_wg==&vjs=3&p=8&fvj=1	Community Mental Health Authority - Clinton, Eaton, and Ingham	Lansing, MI	Works on software solutions with a team of Software Developers, Business Analysts and other IT specialists. 2+ years of experience in programming....
Electronics Software Engineer	https://www.indeed.com/pagead/clk?mo=r&ad=-6NYlbfkN0CXABCdQBk5OHizLMUN0sXnX_LeZWTIIeVGcerEUS_cyq0Ykle_KkQ1XHt6qy4wWpMNB65eFVHRZQCJlGKiLHPjaJrgyDMZOP8DxI3RuimvXo4oKpHB-KZqaJUasWlHK0QBVuGZTqp4LKcvHOIkhio2Mn78RC5YAV7hLZOvkRt_nyhVXZVCDEvS4FMxwRwaQxD9ky5FnTQ8WKQaTHhNqa8bjwSV61Phm9kOUx7nNUBEeJic2e1JoHCT72CXhxN9Hs2xV353wLpCm_75J5TV3uWeIf2ITAt0gHEjVEF8ofA6eeBcnMJu4H1wATYjgLeKz21AwIj7ze23Gfs0G__ClfeKhfnSzSAtAmupb7geZ6ef6OsgHrDQgQmUUwjXiXoYHcE3BrcXJ-D5ubwbhyn9wPtP5HgwLXRF4DJJZ85o6VVjhhAyFjo-LGJB5E6-5qPSiWPJ3GJliXMhYWV6tW7aGmFKc04cTYtZxhvPrqwBPRQUS3oy-W9qN97eHhw6XdT7fLYWczS80P_U-Q==&vjs=3&p=9&fvj=1	PowerSphyr Inc.	Grand Rapids, MI 49525	Software modeling and simulation. Responsible for the software design and development process including all aspects of software engineering lifecycle:....
Marine Technician or Tech Assistant (Northport)	https://www.indeed.com/pagead/clk?mo=r&ad=-6NYlbfkN0ARm4bRom5neYbW7DaJMXJw72Pz0llJJmLUQ-lBJUwEKX3kbsXzxgEGkrr_Mp7PWz2E31iu6cMaeWU4AVyOI2dzIltYLk-22ydXh4HloDOsILGsvbBfKXBqGuH87h8O91JNVXyUD6ac-9-iov2XcOaYMcmphH8pY6g343zPSgJ56E5kMrgLHXwQSg8QswPKw1RZc3HEMR-HfCaz3jTJUGYlsibhx_4-FrU_EjfmCTQ7MT0_m1enqR6CBQ4Xo5h_bHtM47nvHjRA5XO76jWSD1_ydWNk3HIB9AVp-wfWjQdFofI9HjcMDmlzu-jGGOt751CUU25LMyOAIYv3Kh_qmGqIeF43RPY7yEk4yoPNiXjWC8qgcs-4YM6vpQTIeciOVdsK0appmNvOWCll04wXLGC66ZnZ6nMXWpPDRFDOa0Sr-bM7agd_DmnfLERR2n-UdJEEusfU0zCr-Kcu5KSsHBFOicxiOjgQfzQDd8BPivhKcFV0muAC93gUpWe1ngskKrl5sm4DGYes_wH4mDfsPy7X3cJk8NijDQ8=&vjs=3&p=1&fvj=1	Northport Bay Marine	Northport, MI	MARINE TECHNICIAN We are seeking a certified marine technician. Must have experience in servicing Mercruiser, Volvo and Yanmar gas and diesel engines....
Implementation Consultant, Utility Billing Software	https://www.indeed.com/pagead/clk?mo=r&ad=-6NYlbfkN0CeE3Wp1M-8tH35RiH3f1Z9bIMggqs9mWwktycFHRXbIXd5PbLvUimlS_ZCeVWU1hjGmtoMMnKnuEmIgn9WSBMyad3hTwGbZnX6q3njYW9vSQGNbUA_DZjX_JYpp5ebFqgwJ42HZ12bqR48qBf3ezdBBEtKt7VnJpqDbp09gAumVGAsYX1U1-O7Wz8LM23lSb_w7jZ6vPjjq6lzida95kHW1PZti0xmrlQa54NFAkcL6ZpyRJvJVS0lQrME-VgyzXK6J1qOElT3KzRIzly_TCs4a3TI_bTdWiNWOQGFo94BcK_r2H5Lma2ZIWOb1qkDkogBxKrbPE5MLF22IB6mStY0L06AWOPrm2utgpPW919SaDS4L9NwLlolP2i1D2nRmn4V_2aq1R1FPJSDcQEu8ztZfq_0oemXX0cJ9SMFuV-BPmdV0TKFoZ4AJ9aR9QGViXwPL6TzfhrT5nXUUffFqSCmNYAkcsDDesQ3IXuDDqNJAafmF3yHsaoWlNwZGOf-Ba4v2Gu0o_6EIoYRkLGhLN9dqgnkYDfE9-7XpjAHGwN94A==&vjs=3&p=2&fvj=1	Tyler Technologies, Inc.	Ann Arbor, MI 48108	Provide professional services such as consultation, software readiness, and education to clients on Tyler software products....
Computer Programmer	https://www.indeed.com/pagead/clk?mo=r&ad=-6NYlbfkN0AbHjtMBuVJBC2KiM1YRFp5S7jVNZHToKNg4jZqmGJs76odWFWDUtBUnj5oDfIuAKYF_VNnUJ5wwKQQIruTEGvFqakQpq6aXUOK4vS8DrI9tUyxdouQUdoyu2NSxiHy0Mp5nMAVdTRHpNLji7xNmXRjhErMPA7cC4YoFUehjEuNS712Iks4nThzIw6OE2OUMvmKsyqS7wVoLQ7yAFgD_MsRAxytbwf6-NHh5ju9F0M3vK4_IIAcRhEXaAr-36O5aHdBQUe3qeXqYj-9ukkMRiU8UW4342t32QFLVppyCCeoqfPH2nMYuv0A0D5gfQVemPkj8J84HU5gRumWml6n3uK5CzOEFV93IkW79lIkyY6c3_ADUDucTlvQKLDZzN2pxoIaI_bU7KyQ1K_6z6J8II8-DBrBDdhZT4Rnd1qpQrcBwvUEk0v-E1avCFmsbo4svdDPu42wj3pJgNdB0_PDo43i7ECfKhJxtpZh2l0AGjkMD3TeZ2zYMw1i&vjs=3&p=3&fvj=1	Agate Software, Inc.	Okemos, MI 48864	Associates Degree in Computer Science or equivalent. Minimum one (1) year experience programming IntelliGrants product....
Software Engineer	https://www.indeed.com/pagead/clk?mo=r&ad=-6NYlbfkN0CoKnnuQWC3sTX_nj34KzEI3BY2_l5lW5C7u9q9pQ8ZmHOovrYtZDFYomGAqmVtSFLQK72kHUvozYItN24PbTM34PU6jSyRAj9tbxPUHuxv6RDMowPgGk3dl97mLQ6Bvw9lnWH2mBAjNCklnwK3pyqDSqr1ydHRpo50SK74hQetamG-sXPuwk9mKPdCmR3JfCBUwFZtTr76cBBowHJ9C-_rOyoaOFfJQVtRA9X-8Z05sxVsxicak7uewQRG1Pandlvfrie2WvLYM2cSbBY-6O_vDHRZl_YwLU5kxNUsX_lvpWiJ5YS7Dr7Si_TfUiESvZIlXcEiBwwiq3G-PuOHDDc8oGETvvDst6Zk6rinXy3mRn0qyMuplJhwLQ3Mg21Fgmpz1LV8fv__Rl9-IpSVoGZDSRTmsxazQeoJpF2vm_DbIDJrfeU26XTYfRDpcHOd_QpA8brC3b-FnDkNVpfsj_enlT9ygqtQ6GGCr8WJtNLJG0xrcJHRBx2e&vjs=3&p=4&fvj=1	dSPACE Inc	Wixom, MI 48393	And Create internal software tools. Knowledge of Agile software development methodologies. Advanced programming experience in C# and Python....
Software Training Specialist	https://www.indeed.com/pagead/clk?mo=r&ad=-6NYlbfkN0BAasvkxfV7swgp3h-NYH4nkxyApFG7XWLIrwlX94gU0CRxeH_kKQ36BxGiXxqoUsc59Og5aibummjmXagdA5GgXNfzGU0jPierpO1yu4_w8s9MC-Ktgj0TVmbucVzAAJ-fNN-Gi-2EyW9RU9h-djyq3_FADYTMem_2vuqv9QGEdMFheirPnbQPPVEkz_wCb_09ywYUVsFhmlsmJdjFqGsVrNeoqVh8Gl_UsVZOuuozCMmna4bmXFSlaKNwg6M3XthpxmP-o4wT5kGJrA9X8wc0kIsRJCJHD2bbwy8tFr3hI7qHfOAMZnm5X-psiCmgcZcxV3MuHQqr6HgFPX2NA2QS25IjQCk6k5qCbbi8shtpucCmbq_tH6kaYJ4Ns7m0pKxbBVavArZdU79RF9uwldO9BVKDlOr5uHJVR2tqUXU-1Afbm8uyqEOFR2PvOEfh_181XmNk6mMBXC8FjQ2yj-CZwYctgMjmMHpWAdXr02yfgj83hY9W9q-2BQ8az944-GE=&vjs=3&p=5&fvj=1	TRIARQ Health	Troy, MI	Software Training Specialist*. Software Training Specialist Responsibilities:. Conducted previous 1:1 software training....
C# .Net Developer	https://www.indeed.com/pagead/clk?mo=r&ad=-6NYlbfkN0DdZ1GlkyxXgz9KB82VWdpvz57jRxoKuM16YFAcbCdJkO-lfTkUnaCNen1F6yq-RhviRwxrnNKPLVcSIjq_b6XkosldttLHLguyc45YP-iYuv5e-YnqHCP7sBLFz7bO16TYDQeqq1zyoCinqr27hPXSspMsC9jIacZnASACREinWLdUM_01cc38Lf2eRohMQcBHFqeCnVvbi8nq2r8Byg3WNnCZ7PLKrnchgRN0fETlq17f2sDi75LxMvcF_OI1q8emE_4EtSLvaAkHfCBuiW4A_bGGWYtwHYE6rKJlFsOg_FouUdATxu8VpQA827uhhmx9PUrvAPn-qxTt_oVYPnOonLWDjUeVsOakbfMy7rVjg4DI27S1mBN8M9ULO2yv7ZhFlgwxdsNBcrUHSW47ftTFA6ZTa8PtcsaTQqOMYNUdUpR-EQ534U8ni9iSal0ytu9hs0UP9WKU51kTv1zqmM0C5il0Vjdddw4_FIg2HMUe9O5vG7UWB77e&vjs=3&p=6&fvj=1	ERW Custom Programming, Inc.	Waterford, MI 48327	Would like at least 30 hours per week. The days and number of hours per day are flexible. It is likely that this will turn into a full-time position. The...
EXPERIENCED OIL CHANGE TECH	https://www.indeed.com/pagead/clk?mo=r&ad=-6NYlbfkN0DPM_z3-AKKw3rdWaCPCf3ZnLfPK7Z2cjeobN64wVRNfIEvx8tV9PeLQPYb15iNfQLW6JjZoEdedgizsjGItEEz3Fe3ZFqJ8Mk3oFn4X4zwne2nRyhFzJVXCL69W4uZ8yOxNOMDxZwO3uPEVWavG8HDAnwzAx--ywkWQNp9KIRdQMa0SgloY_iJLxCx8CdIhrT9vV7UKIB8RrLvHBWaQjQzt1Ejp1vrb9c4yBpeZ8-MeFLg1bhDxjqDsk8rW5KeEomazXNY9eZB-3PVvEP3SDmF3eM4qNI9phLn3D82kflSTmNBrvttTeDLABI1x_A0jjHDbCNmcEUecT8k75mkVto1Jd-jFT8LK7tfbxBc_2xg3_p9_UJjqDusijZ9VT_DPS8jDC--3YNRL2YLDSEotoCRawS4qE-LNwc-D3gFpubgUGyKMpS3plPM4P7lS97Yw7AYZXBAeKEExKeHcM3gLvSYuyN0keP-5SqOAvizbBxT4QbdLP4tOKNi5oIf4C4VkHc=&vjs=3&p=7&fvj=1	VILLAGE QUIK LUBE & AUTO SERVICE CENTER	West Branch, MI 48661	SEEKING A FULL TIME EXPERIENCED LUBE TECH. OIL CHANGE TECH MUST ALSO POSSESS CUSTOMER SERVICE SKILLS, INCLUDING BRINGING TO CUSTOMER'S ATTENTION NEEDED SERVICES...
Software Developer Intern	https://www.indeed.com/rc/clk?jk=1d8f4e2260615fd6&fccid=541778d4cc5ca4a0&vjs=3	Covenant Eyes	Owosso, MI 48867	Aspects of quality software. Growing software, web, analytical, and problem-solving skills. A passion for creating software with excellence and innovation....
Data Scientist and Software Developer	https://www.indeed.com/company/Aquasight/jobs/Data-Scientist-Software-Developer-4887dc8137da776d?fccid=61c9d39ac7a8c615&vjs=3	Aquasight LLC	Troy, MI 48084	Data acquisition, data transformation, data management, data and statistical modeling, time series, visualization, discovery, predictive analytics and machine...
Intern – Software Development– Data Management	https://www.indeed.com/rc/clk?jk=d389cfc80229222c&fccid=7136762d065a5ad7&vjs=3	Autodesk	Novi, MI 48375	With Autodesk software, you have the power to Make Anything. The ideal candidate for this role has a can-do attitude, understands software development, is a...
Jr. Programmer Analyst	https://www.indeed.com/company/People-tech-Group/jobs/Junior-Programmer-Analyst-1e2563a2a6cd9909?fccid=738378b6100821f1&vjs=3	People tech Group	Warren, MI	Knowledge on data structure concepts. Basic knowledge on any programming skills like C or C++ or Java or .Net or Android or any advanced technologies. Jr....
Software Developer	https://www.indeed.com/rc/clk?jk=754572c01e229c81&fccid=cc96f3736512cb91&vjs=3	Magna Mechatronics & Mirrors	Plymouth, MI	Verify database and data integrity. Assist in troubleshooting software application issues. Strong project management skills with effective results focus within...
Software Development Intern	https://www.indeed.com/rc/clk?jk=442b71e118f7088c&fccid=5eba6cbf1bc2efb8&vjs=3	NUARX, INC.	Southfield, MI 48075	Software Development Intern. Maintain and improve existing software. Object Oriented Programming, HTML, CSS, C# or other high-level language equivalent....
Entry-level Software Developer	https://www.indeed.com/rc/clk?jk=2050782dd4329f1a&fccid=62374a540fe90191&vjs=3	Compuware	Detroit, MI 48226 (Downtown area)	Computer Science or Computer Engineering degree. Knowledge of software design and implementation. Supply time estimates related to programming efforts....
Entry Level Java Full Stack Developer	https://www.indeed.com/company/IMCS-Group/jobs/Entry-Level-Java-Full-Stack-Developer-789fc21ab9470e0f?fccid=fb8a60ae2995ecd5&vjs=3	Reliable Software	Northville, MI	Data modelling, Stored procedures, Performance Tuning. Passionate and eagerness to work with big IT clients as software consultant....
Entry Level Developer	https://www.indeed.com/rc/clk?jk=295a371d39ca3f87&fccid=96c432437b02a977&vjs=3	Nexient	Ann Arbor, MI	Software Developers will work on building cutting edge software applications using Java or .NET programming stacks. Object Oriented Programming....
Software Developer	https://www.indeed.com/rc/clk?jk=bcf2022aa83cd082&fccid=c925d54156f0968b&vjs=3	Level Data, Inc	Kalamazoo, MI	Implement connector jobs to move data between systems, working together with developer teams. Works with Business Analysts and customer staff to build...
Senior Software Support Specialist	https://www.indeed.com/pagead/clk?mo=r&ad=-6NYlbfkN0DZ8j3QkNfOe_AYMrW8vXO7z4_5-O-VsqQg_WgdfGiIw6KL_EdRT0SqYBRHbhVxfLM2-qhuopS2uItL6hS6nvAAtbBySw1xRpeupBXjeN-LMdOSW5O2CuwtqAb6NExJbfmqGt5whLmZl_hWbaVDozG9peUpUhsrkTeQKT0xqmYIY5Um5aGKw2s7OXZzQVVbVcM8fg-8pDuH5uV0TSYAWjhd4diFvGAYy4KOItdG0J-6NH3014gwJPJ_1l7BKBb_WJ2lFjhnJk8DKpQYeeUh37i_JlmPQRWQ0D7V9A4gsZfsOeA15SZABO_m6zjDkqdp6s8cvyllEcvRS5tmVGmmxUC48R47_ebpcfRpFBWcJmFzGKa7Lg7Bd6v7L09GBkTy8nTABlAlE3t486SB6HSnMM7Plrmnvaz2voEqsbFXKwWiNR4ardkD_oLGYD721acobeqCCDuA6_NTkgNiOHl_SSr1ZHegL9lKLchY3YxZ-KLPCwUk4yXJz9w0ylyUXAC3Qlxw61VCi1pxYQ==&vjs=3&p=8&fvj=1	Yojna, Inc.	Farmington Hills, MI 48334	Senior Software Support Specialist *. Experience in Level I or Level II Software support for Commercial Banking software esp....
Computer Engineer or Computer Scientist	https://www.indeed.com/pagead/clk?mo=r&ad=-6NYlbfkN0BKH_Y6jLf7hdAvlAeRP_SLzQXmv2d8q5sQiKNEuAhHFtTEWBIInr4ilUD46QXRxezpJziu9K6gpH9BaKdbGoTekwfRmFssBSqr51SrAibIrWsJ_QaY0udRxEYcL1aLMU7hIN4qGoAOAAbsqMJPcNYdD_gjiaUR_5eNluzwMCJhomGXD6ObomwkXX0zbcnn9Csuhven9BtjxwRQ_g6rX9hvRfEsIR3W2_0qJcjT-hdPE-M_pkAUuooySJexgzBGSvS_Ibr3Cl_Ifa9tNNulqF2jgThz27dKEtwoic5wlCyptrrsbLEPg0rpNIIxYv9708DKn1bhab9kSIogIcOC81JAMuv30LzO8pYoc4ozKb626uC4EH0uR0tADY4D92ZKl1hprijaVHrphRSrGpzZZBouhlKp1wWGP_u2r9vYc84DAVh-U9wOCIjVHwzgj1-j_wkL2RXaFKuIAZhFCbGE9haoiEONVioTbXucRX1Nks84OtNofcqroyRy0HyyNgvCqunIerdnvP3liDTiyj9Q_VaH&vjs=3&p=9&fvj=1	Red Rabbit Automation	Niles, MI	We are looking for a computer engineer or computer scientist who are ready to take on a new adventure and be part of a passionate forward thinking team....
Junior Programmer / Software Developer	https://www.indeed.com/pagead/clk?mo=r&ad=-6NYlbfkN0B-yc0zWn0zaIvrNXsHupp8KEGe-D1Vm7uFvPpgxJcMx8t0LePLlhc3P4fz3-WygjjXfvE99-07cX2Q_tLoHQHT-M-RH1yHZJUV531GKgl9LaYHsO85ZuOL_xbszN06Lmps7-DJzESiXikP8G1YyaWyjhMtzNQUMH63RQ8voktyuC5MwmJ7kkVngGaDDwfATrw4ZamfGQW0d3Bt3f82zgUCYEpzK8t6xFpmcflf7g5-DUfBELCeOVX6pyZr-JoD-WOHFlbTeAaeFpSu0G3sMeIj5AcTbJ1a6EcoU6npCeAQwca0l-zUUqcWVPElh6vXEIhRGc_E5vN7NlwcpBmaYo0i0XedaPu9XB-tsz2a-1-91WcLEWa3HKp4cX44AHAh85EoKag_XZ9khU1OCMiK3-Mby6X8sBiy3asVMQDsKUMZCy0RXUlY4xe-32EHOhrg1ouGgp8-4Y6AxgAOqSUFziTHKDeQLivxx7yzARh0a9Qmu0rPav6k2QhQe_EQxrsHuW0=&vjs=3&p=1&fvj=0	Signature Research, Inc.	Calumet, MI 49913	Bachelor’s Degree from an accredited university in Computer Engineering, Electrical Engineering, Computer Science, Physics, or related field, required....
Tech Lead	https://www.indeed.com/pagead/clk?mo=r&ad=-6NYlbfkN0AKgb-OU2k9QgMhvLJHJ9__LSLNcbBes6UEVm5umHDnbK0wRgJsdOM2C0KkBsn5xYdGjOji6cwvpyBZX67mNOGwzQjs9FrnKSLbhiXByhkW5pZjponIAAE0lBU5YQn89-KHNYbheCyNPsYviHG0kWNyf-Q8W4VzAdmkOsw1a1sHDLA7lr8QduGWGzW--0IQAEnwtXAN5Wb4wlrR8rjQGFPwa5m4b2DPd8ZINMCFVcY4SAnnpE7ds5vnJ5Ay4gE3UutqZTmcV-FnFNKPH8EFe4AM1PVBZ6EC-xHX9vMYBfxt020Rc9bLga_TNpjkqQLAS_YwwIXYQQ_HyP4YZ6iyk_Lm-AtmrNZKbccoPWqmgJknpGPo74CXNU-6RGVTNC4fbXzy3WQmeOddaqd1uySe0aGOq3JBIrlb7ZGcaS9Mxx-FtEAKun25DBOcpyAbHcglVJ8859U9HiDVw-_h5F1_aYP9HKfLrdfLygMPcpcZRYOMfNBCshlsUxCh_x-VQy2Uh4It9RJSeHLXIr-XaniOE5xPalPd1ihwayGOFpvCQ9IV7Bblgv5NSVRRBUbopl7-AFuQkyozK7IDSJl7gPkM_1bkjGuqF2KYRXw=&vjs=3&p=2&fvj=0	Hagerty	Traverse City, MI	Knowledgeable of Agile software development practices, preferably SAFe. Responsible for the day to day delivery of software, reviewing of peers' work, and...
Data Warehouse Architect - Heart of the City West	https://www.indeed.com/pagead/clk?mo=r&ad=-6NYlbfkN0D6kSTnZkgs_9RHUoOSqOaFu8faIZqlgbjIN-PUsR6uaMbTak-ttaRx2ErTqjl3tufvM1urUcZOHcY1LxojCEnDCOlm4lhqx0sqwqYMqVfiuF4sUFKTmgxBnhQzEbUJGg8LLOlS1y8BaHXAb78_3iT8IaQJbSw3l1c5sRHw2573r0qqyw5MlkrbYFn_V5lxpqoHUgewt477gX8ZciSABug69stzo7Tr1v3A_BGNbSv1W69Xp2aH8c4A0g8BWyfCa-pW0sGKrevHbqCRrJvcFbJ9zNTgyKQiSW3Im8CdSGczmvMcDqkujhFCfypjre-XDq3rM_mjv0gHB7GgY9xJEVusFzC_Up1k-AQkvYL_JO5VoMYQDQrzhLg6sZj1rqJeqB27QDzhcYQIafRlZex3bqW6YCAVQH78hhrpSl0d59oYipQXH2aTlwMWJjThAO1AvPq26HUySriXL_zpgr0Mrp_mJ5qqPcPVi50BamDSJMysiiu5KWTanoSODUTqbWyoNMN0K9f9Xuzo5VvWbszZ6jnSiVD1RAUtDAg3SIRvKiIev4tDT-qgpMfcRIeEf85PBYVq1BV0bdxbBtYgD9D83Crm&vjs=3&p=3&fvj=0	Cherry Health	Grand Rapids, MI	Ensure users’ effective, accurate, and easy access to data, and translate user information requirements into data structures....
Information Technology Intern	https://www.indeed.com/pagead/clk?mo=r&ad=-6NYlbfkN0BXnUcMcBghk-6l5IB_c0EsMmJeRHuVckTZ8UNdAvY9Aogr2c9I43YvH7_8gxJq3GTeQNgmPp2akT6sLx_NX_KsOnf0MB0CLKC-bNL2HQ5aTEiZKe4Tf2BECC82u2XHGX-hTQyqe9iE8Vq0kt82uihuaov-2rl8_WAoegPH2OiaofUc1xV_t3kZ28vPVcNBdCO1hMoOQXCvxXaJlGxLQa8eQrJuOhqTpYlxcdt3cwjJ1qZQN6zsBE0jkVFGUiN5PeMeUPUyOxnXbjfw7RsI560okBixTfiyxkDiGzaOm9r9ytqKSgyN4fXWnBfn_g79bficgBHmFPFSR9I7AKcehc-z5o9l6hGmC9ntz3jsDOjPMZ6jHbl1SoAAuTjM4rQ2UA89VMt5ATYDy1OhYCxQIaFE2pJ6FrTHmqJqOVz_NDio7R0hZ-hW15bk2T-Hv5HSp14YMkbfpkmBoju3cJEjQC-JQJpudnAYnsXNiRe5C8n1MN0iIOs_BAchtxcxyePL8NY=&vjs=3&p=4&fvj=1	TowerPinkster	Grand Rapids, MI	Working towards an associates or bachelor’s degree in computer technology, or Information Systems related field....
Information Technology Technician	https://www.indeed.com/pagead/clk?mo=r&ad=-6NYlbfkN0D6nTr3iOkFdpXwE3ThMlLy9P-kuRGsG7iEcfxAOVFbFRM1EDGkqoiPywp5Avodd0eJU_F_tOL516tVPyKrMPbxHlcjn5Z4utMpdDaEXHqQ4F1C_Tj7gT5c3kPR4hy9EAxs6V7gC7f2x8Z_bhhG0pohvQvfiIaBN25DdVnBva_Xg-Qsiw8h_4fTmi9OJnhIveoHDs8RLUZMl8_1OLqzDVUL7d09fi_SfDCBViNFBA40iH9iDcUpLYicOiq1VKs0lVovvim224QIL7VCGSrTz90bXz3mfqptk7cDp5SVTNJxR9QqV2suNL2sAy3mGxdfbiv0xOFShx8aSrwx4gNWikvcWqp01LnK2XK-U-gaT1gOZjyK1uyg5DrBWr9pMsx2Va4u3jl481X59StEo5rQysZGQr4sMvX5DLOo46uvIm4aPjf59AJaS9mzFGjjBkj98OAk4y_KYkjWT-cWOFSPE6Wmyj6JWQbbWfkDsHfCL_EmS7mlw7XS34BQZUPxSE4fXw-nVMnpOjdY4w==&vjs=3&p=5&fvj=1	Wynalda Packaging	Belmont, MI	Setup of new computers. Several years of computer work experience a plus. Or higher in an Information Systems’ field a plus....
Software Engineer - Full Stack	https://www.indeed.com/pagead/clk?mo=r&ad=-6NYlbfkN0D1gKYbjhnuLsLCCsuy6Da6jM-qXt-1-sWstwvcDeqOdAD3Q_WTd4yvO7rzfewrRM_VowDav3yEE_q5C-4ZHUx90mTDY1u5QhK61X1tgWlZDNVD2W064GQZsBR3ltJWOKtGjJT6YrvSGK_bpLpzKPgVgh1JCPs0drY3sBloZuA9KwVA3JQbAYDB7mojmZKn43--vGKZ9k0pinbWQ8txFNZhx8hXTwpBUkJruzum5RzC3Lr5zp-t-7PNiji-N8SMBMg9C9REInqvUUWNlbip7v-Wf6JxAGveLVD6IyOa4uw5Jro0Jzu6mdrjjLr_Wed9DPNQqDuneCu82ETG3p0vSARwmUp3HMFd04KbQaePhVNRQt0jhmErSFKbx6mkN-1cfuSFp8VFjaTXxf4jac2ehvpRw4kfAPnj4EX4LP2cfh4g2R-H6jhr0YHf0tveU8gcVf4kqlF_xdYiBF3PGGohmWECHvVNqXNhMs9t2X09OOuwtDHz27F-8i5lKRfo2DDLSkvYLK2AeXrdrsCVEszpt7kHHlJqiaxagkAKudzl4Oe6NQYLAIA0fNjuC5dnsQxoxz1_xTXgfxEuWbSZnBFODBLVPnHb9fbNEHGiECdao9egg7CSzra9hKIEec8c9wsqmPiMvEfcXQABPQqmifktcHMoT_MkWOmf-iMVgfHOBFo35rds74hq5iMQ&vjs=3&p=6&fvj=0	Quicken Loans	Detroit, MI	Focused on where you stand on programming fundamentals, including common data types, design patterns, and data structures;...
Data Science Frontend Developer Internship	https://www.indeed.com/rc/clk?jk=52eade389dc8dee2&fccid=6a8e86881b704b18&vjs=3	ProQuest LLC	Ann Arbor, MI	Actively pursuing or completed a bachelor’s or graduate degree majoring in Engineering, Computer Engineering, Computer Science or other related field at an...
Data Center Computer Operator	https://www.indeed.com/rc/clk?jk=3533f3d68a9d4891&fccid=3faabb4e4dc9a0f5&vjs=3	Blue Cross Blue Shield of Michigan	Detroit, MI	Job Information Technology. Operates computers and peripheral equipment as required. Working knowledge of enterprise hardware, software, operating systems and...
Applications Developer(Data Engineer) - STTAS	https://www.indeed.com/rc/clk?jk=a2fff704929c0a10&fccid=fcf465e707df52fb&vjs=3	UNITED PARCEL SERVICE	Southfield, MI	This position develops an understanding of applications’ transformation of data into business information and the manner in which information supports and...
IT Help Desk Intern	https://www.indeed.com/rc/clk?jk=c60591bca3d147f0&fccid=bc8866d293b04165&vjs=3	City of Ann Arbor	Ann Arbor, MI 48104	Install software applications on desktop/laptop computers in the City. Previous experience working with non-IT personnel in support of computers and software....
Junior Web Developer	https://www.indeed.com/company/Revize-Software-Systems/jobs/Junior-Web-Developer-2b71eb82763a441f?fccid=246f585e730e10db&vjs=3	Revize Software Systems	Troy, MI 48084	Revize Software Systems provides its employees with an energetic work environment and opportunities to further develop their skills....
Software Engineer-Infotainment Embedded Software Developer E...	https://www.indeed.com/rc/clk?jk=bfe27a74fd227f8d&fccid=761c44c17d636bfe&vjs=3	Ford Motor Company	Dearborn, MI 48126	Bachelor’s degree in Computer Engineering, Electrical Engineering, or Computer Science, before July 2019. The Infotainment Embedded Software Developer [Entry...
IT Data Warehousing Programmer	https://www.indeed.com/rc/clk?jk=20e71d54a5f6334e&fccid=fcee73a6346b7a5b&vjs=3	Henry Ford Health System	Southfield, MI 48075	Good understanding of HIPAA data Privacy and Security requirements preferred. Responsible for development, enhancement, production support and maintenance of...
Report Developer	https://www.indeed.com/company/Equity-Experts/jobs/Report-Developer-6c6198645ac5a822?fccid=fe7add6dfccc4cd4&vjs=3	Equity Experts	Auburn Hills, MI 48326	Exposure to Object-Oriented Programming Languages. Implement framework to perform data analysis and create ADHOC reports....
Intern - Embedded Software Engineer: Software Development	https://www.indeed.com/rc/clk?jk=0ab0fb7d5b89dae4&fccid=45f89376ce434c11&vjs=3	ETAS	Ann Arbor, MI 48103	Experience in software programming through coursework. (Electrical/Computer Engineering or Computer Science)....
.NET Developer (Data Science)	https://www.indeed.com/rc/clk?jk=cea2e510afd3be0d&fccid=6ba71d16ecea708c&vjs=3	LLamasoft	Ann Arbor, MI 48104	Create data pipelines for efficient analysis and deployment of Data Science algorithms. Bachelor's degree in computer science/engineering, or a related field...
Applications Developer(Data Engineer) - STTAS	https://www.indeed.com/pagead/clk?mo=r&ad=-6NYlbfkN0BOv9XF-FtzXkz9FRXwiHlecRObjl3QZjtm1EfztFmLKGYYLWp_XsAbLE0fcBVukddyfosL_05E0zWMxBBHHQypQ4PwNbBhl7Cjj9igGck2UhaTJhKoodfJTTyG1gFq3DCpjhk6ag4V9j5972R7VWaxiaTUss11OZwmfZVMJ3L-dt6y1YiPvOwXn6mLnlehvjPKDmrtSV39H1VMgV3bqS99_fazCDCFQi21xsxPRpTJfXsHKTyj-6unyIWqfbGuR94Kxc8RvjqTBLgKDtDRxEbrwSBlL8duNuZlIazHryC2u2inmBQ4B_ChH22YFAWuq2O4hHkdRyYZ6kyqYJ0jeh7jcZUULBs2c834oB2MEoZdtsWT8-giPiVpgyKAIW9JdE78weE0BhIQkBgAltcJ5oPrKwleyeDNbwAKn8I43eVriMgmqMaeJPrXaCaiiBSRHeNvpbIinLUmT51JZZjsH3J4--8NFtJSN1gLo8xeOKPTaZWMMUHglLGt6yQjWxDaavjMz7607zYgxXZ2GC6NsPqrLdQS9ee99_6l94CSVGoIqYL5i5HHmWZUpdTrq0aDsKVz7aDuVKYzz0WJdklTjaWsSHmUHylEGvoeZrJm8pDRN7s9i5OSkUFm0klve6SQ5EnSi_VZWo_7FFqDOVIYNmhhZkQF9EWKyz0dHgeUWtusk2CRg022l5SEGUiCLcweyorMLhY-uG2u2pTDoC_NOKk2_ykXceP_X0qItBiRKqZB6ha0bLL-T3kx3tgad9P_BSvpb96RjOK0_2RVCsHg9uu1rDKTmkXMxapFq1hKzOt71f_sPg_gZP641AdthckY10xZy-tJmYWU7MouA8YzYHu7-D6HIBJGKGc8yXFpTETVcoCyEACpDB9tBgYLQCcuZjEJ6wmKIcNvyofbKjApZRk__DhDM2bkNXGbrAsIe5VDE8r1WrAPb-ZLCvdWefEijB_JWBVbUTSizHnIJ2dNGwRR-RdifDZlekIIP0Q8VdjsUohB1pkjnUkdbywwbPGjv80AcB4wGC_chDDxdBK18elowkiKH53ii9w=&vjs=3&p=7&fvj=0	UNITED PARCEL SERVICE	Southfield, MI	This position develops an understanding of applications’ transformation of data into business information and the manner in which information supports and...
Data Analyst	https://www.indeed.com/pagead/clk?mo=r&ad=-6NYlbfkN0BDukQxhcZpk8phRaWI9oEFqntrWe09GhqtP1OAfgV-2Oh1hzhFCZzp6ZCm-yGy07o9FeY-na_6EuTKlBiCrBeiM5NrXj4rFDit5i5F8q6woagWBMZ3akhy0cnD1wWYs0hbgd5g_iRWRJfpEl6wZ84S1uCmJlnyt31q8cIythJT_3uoEnYJ3T_xODlLxqQM0Q9VzkN0L9hyAPyC6ET0bydEJZDxlomPvM9b_0rinbuCSFzblRAupOHchhX9BGvI5FqUwWNIfEYsysWfz4dLeNdDvFCniEvxjFAxArraWbSbCcalE2iVTg3Yc7X5JhsexkyxkeJrKpbVoVm0HU26_uOFGb6xvrBIA74597sgHGYrvCM7CkS0eugYj1hdAvSjZm1CqbHTZFzzajH29ZKxP_jDF-JA5R3-GydL8QBDpggT1RhDixQ00EvTmr5X821bJJTgopaqoWYwga5GWUslmZFt5LE2huKdqu_-Lo0oECFNCA==&vjs=3&p=8&fvj=1	CPA.com	Dexter, MI	Processes confidential data and information according to guidelines. Updates existing Salesforce CRM data....
Entry Level Software Developer	https://www.indeed.com/pagead/clk?mo=r&ad=-6NYlbfkN0ChdE_-3s9UeG5xYsqO3th9AddXeBq2OieSfAM8evhI-OREm-Hd2JiccH-YSnwQ5JVtNT6wGm_QWkOKnWdpkBGWMKJ22N8mzumhBqBplc3ww_7Zt1QlndDKbjwopsUZqLvaRiBdzavKiFRtJzaQm5OqpzRBMwBgiBwdMtnHS3gZ3ey-aUuF1lh7LMJSOogV-3SjGglPaM8HhupJDMTi6TuB_XOANFVIkbLTizFXe6r7q49WBNIbyR7JBWsvLd0jH8Dix12onj0KLTofpdkb2a8lQ1IfJL-R-LSCIYF2pXrVhMfbcJOLk7Z4O-OVvx8b3WjmoT1MMLkElWYHdA2rXbt-lxhY8EETMynEa6YRH9ptGHQ9TNyEBAHpNjppGJSyA_752_8lrg_tP4vPl9c9rgpvnpNPnupSuBm4z30S-336sUb9VXKH2cPvIc4tO9Id1DRcw7pi4LxTtmyOWdWhHgklG0-MS7JHWAXL6czujK67uK4GB-7P6vVQSFe_uWNlicm_tuqpIKuluQ==&vjs=3&p=9&fvj=0	Smoothstack Inc.	United States	Junior Software Engineer / Entry-Level Software Developer. Interest in web programming and Object-Oriented design....
Summer 2019 Information Technology Intern	https://www.indeed.com/pagead/clk?mo=r&ad=-6NYlbfkN0AlVq-kMRMs391nHh6pXXr0XcP6OJynmWNNdIIk4XvkvFNtgHXitrFFtnD7Ycq8glaAe6u-SI6nlpeVa0R-JedP7869HENKr_35RjqIcT8w087GalDkAix-CSR4w57RSdHxIhWwRCMnaekJWG5_J2Qv13DZTxMkEr9PiEqmD3LsCg6kWpGw2l1nRi9ueU2_vhy_LFIOYpzzL10CQv7ihAyP3ryjAHi5yIhyqcDxoOtScoSQ67bkUgGM1a0id7igY_n2MHP8YoDne2hvN6NqEkEetKUIoNoxrEh1OJI95zAbAvs6ZLFkF7USDSQ1U43Qv0fgZicJjT2_Puz8G3KVbnbt8RSvECHBwROiAGjTuYOGF-2b5mUocciyR_mahP8P1I5MuTNux3Dj1vgfw854zZg9uTwTaLM3PpPQ8G7YqaN7BSpqSYdB9kpj1DIgJsTMf-qETxhzqweQsxH4euzcbAGSaG_5DpE-WfYWXqSO3ILCCnZLA--qZb-Tbw6H1Ew92h1LV-MZwFxEsR9m2qNmzNrOPLnWCfPxqAZ4uMnn9l9c320a9_awyEZqrhFO8KU3p1FuECXxLfZrT7fD_T8bhs7W6HvI-6Y7SbmGsJncV33kmvfnkLwZ2E8Xpo6jWgqU7CaSXV4QJRT9wrO2GGRc2HVTeTUczVkviklooRdVWOrW8A==&vjs=3&p=1&fvj=0	Hastings Mutual Insurance Company	Hastings, MI 49058	Currently pursuing a degree in an Information Technology related field from an accredited college or university OR a recent High School graduate desiring a...
Sr. Java Developer	https://www.indeed.com/pagead/clk?mo=r&ad=-6NYlbfkN0CeJPxrgKjjAa17n1qMdxSZ0Dn-7yFiPbctlThhP6MggrWUAH2goA0wSf5RxMLMKVuGhM1GPyDzYDNVquJz6icP51P0IltOpCK6Y3z_Y_Qd7gIUNekRW77AQfpLEAbi0_aLolVVx5kQ-rSE9ArsgddNKa4u38qZ4eO9n-wUKOoZUKEeLSQbbm_Th-WKpT7m5qFfK0bb4MxBasc3x6wvnG13ZChsMFgTnMy0-Vy4_n5VXUBlS7mLlC5XETkKGXGtPP4ICHnokrZoqt_GGB_aTxlRSd28Dg9E1eJjPPBPiN5LVOkNxgyKfdYRtmdKkFKB1h_hBErLQL0BIFfjHfkpZcu4_mfUY95BTwx9fw7hRHlrNQelJhbU3jYQz_fLUMGdrYKfEV1Tmp71WLux4tX0s_CofDaGS1ZZvfgZ809ei6joUWxcXtyk7XI_NPrEyXRYFJpm0uc40ugha8fP0cDkJoaobPtuA1e_NczRJ6ekTu_r3fXiSgBlBpIm&vjs=3&p=2&fvj=1	Baird Tech (Confidential Client)	Traverse City, MI	Come work for one of our exciting startup clients based in Traverse City. Join a disrupter within the Healthcare and FinTech space. Relocation assistance is...
Software Test Engineer	https://www.indeed.com/pagead/clk?mo=r&ad=-6NYlbfkN0BBacZK9FWY2uy2R2xiThve8zh2vKYUPmwgkV-A2Xt9GiaG00z-0DP7-38zi0D8vaPrGGZyVwOhcltu3LM1JZd7uO0Ql6HQcSb4alY8UDJ7fy3Uj7sPZszmYbWQ3l4cq0HWTv6R-7MJ8Yr0YdbjdnG-aMQw0-o6FNpYwBTUb2heqW7-ocqRTbTyJT5NaDn5PEZHxTHhpUNGzvha7_z9RiIZcVuXr8UKk2W1Z-JD77F0fV-Psi6bgOhWogUeHSe-dimRZ5geNta13lqJFrfK5Nvf0bcGAR_VvWgA_CcQLmLGKkuh0cooOIpgLxDwWTmzqenjxxCnUAJIfHP6Ax49ETBVpIqNG6ozkbxwOocxphlN2-5uFuw8iwXhe6vemIT5cS-a1bXRbshnrhL1R_OjQUngbqVzL-KvACi9tIbo9xHxuY5SxZog_0M28Yv1MOWya4NSRQidIpFP1T7Bm4ha2EyZ7n278z5JHoNEq79cWtjnRBxOE3plOzs9p2nkHHBZizo=&vjs=3&p=3&fvj=1	Quantum Signal, LLC	Saline, MI 48176	Knowledge of computer environments, basic system administration, software testing techniques, software quality assurance processes, and verification and...
Sr Software Engineer - Robotics	https://www.indeed.com/pagead/clk?mo=r&ad=-6NYlbfkN0BQr7VjRntSzQMLzea2UOCqIDdo0W2bLMW2iQ_E6zbwzqGCLuw5qBcz_IMhIMX9wiPEL1IKNMxQaVKN-BqBVZTGJ5aUFJJSAvIomfUdog1kns9yexJrdDGF0Tozwr6d44w7QfefMFfNfYooPUQXU0PqBOBXaaG4cBUJGSvn5eTl8dnUINusrlPNbZHvJAA-T-kar6V1KC3I4_UXx2kccWKOUhyaGV-L-bbB3oG8I78z3TUmRBX0fvnfrjvfZBJIvx9c1NDPnK8uMtiOcMmjkvK_0Shk-k-fdI1xfOLulqm79TpgdQgodA3ZvM2YMKL8uYt1dbROSyJj2oKRv5PpPOBZPchLGQHVhJkrdLTSS2buS6J2pboqDmx9-RI-bdNNG6pSHzkEENFGYo45I-NTrIj6nldc7SNTs16CtFyYAEjnQkm3lLesw8A_Ljzf2mwglYYvi6PXZ5yBBnJQ7MuuusNQIc9iNhs99eArYZJf1XCbZc5T5eIERBC0FSiSmm0N3-wbHb-Sa77apw==&vjs=3&p=4&fvj=1	Randstad Technologies	Grand Rapids, MI	Minimum of a Bachelor's of Science degree in Computer Science, Computer Engineering, Electrical Engineering or related software focused engineering curriculum....
Software Support Representative	https://www.indeed.com/pagead/clk?mo=r&ad=-6NYlbfkN0AdZg_pC0uQzWI8UvLeijeCpOMd2qlCSTJYjF_yhJ6pxmk4AdBpYHUx3cwPT314myu-ICnjK1eE7Mw3SA0lD1ffzEzZekQv47KHp3Ei6sIXEOJtjVabQIRNYab-4bZ4LFmX9FMXCM8Eg2r6QPBh_CCkM1zTvGHIeajH1v0qfv7DGTOXqm1vuJMM6I7G3wsemGdjE-Tadu62f80SGorZDoayVZnKSVWewBiJR0m1ubyEhXyufoDyzSEKAtQ4YVX_pj967oS_kjO8DGYCDKHdlwB4I0v3a5d_Oz5zk78QwkS-mjM-HGgHeCFu0sh-X3d8yXJXPlQY3TWneRxl3VvjkSjTZY_H_jJdJtsB-jRltIoFevMvSyzI_T3otSLUyitD8SP-abXFFhxaViaIVtn-aOma3BKhgRleF--OtzSZMB8bmPcfg3EcQWzx_dhfs1jacGTZkD5G966EXXcHP1cvzP9EfJEM1UdGl1R5V3taqi31eC5B6YusntvFGyPWBLxm9IdN8SZw_1YWCA==&vjs=3&p=5&fvj=1	Capture 3D, Inc	Farmington Hills, MI	Computer hardware and software knowledge with established troubleshooting methodologies. Application software training and onsite visits when required....
Loan Processor	https://www.indeed.com/pagead/clk?mo=r&ad=-6NYlbfkN0CbrMr99k4v_hLSMys6_aNvrXDiYzcMuXl6uF2rwGWiqLT24rGZQHIf4tDkkhLA6IQy7fiG72rZyrlh9JC1dVxtFafOiBbWquk921hIz7boo5fzzaUk0VcCJbEsNha4gnNOvfZmRMosQNysofY82WtxkbaaraRxbaIUoa4bn8Q-1e1rVbEJGi_hUwo8JgDZma1566pZZ_ncgh2NOSOlKMNw1ymOUayhp5nN54W-Em1pMNJQjNyxtS7_msC2k8YGfTLQ3gDh3iG_pXGLB0UjdIFRQOSG6DnCkqffBm8YvDVnZeNVTIDiH94aBzeHP84dG8GR2qbDE78353ICxnf-ysnS7oFVc2HoGti6NcaSG_Od5UoSusnThdkZCM9dZiG1PO6EIUBcbqhFXJBVhn8hpxT4W-MPHpzkrnOt3fwHx2824gEBWtT6kyDT2lnIumdm9RXz6AXIJhvYsBH5qHC-LnvQXVpmBWj9GZ9r7naMfQoRWQ==&vjs=3&p=6&fvj=1	Amerifirst Home Mortgage	Portage, MI 49024	They will collect all borrower information and documents to complete the loan package, with the foresight and knowledge of underwriting requirements....
C++ Software Developer	https://www.indeed.com/company/TEORESI-INC./jobs/C++-Software-Developer-8161524c54c2f319?fccid=512b4c7dfb934d7f&vjs=3	Teoresi Inc.	Detroit, MI	C++ Software Developer*. At least 2 years of experience in embedded software development and C++ programming language....
Powertrain Solutions – Software Intern (Starting April 2019...	https://www.indeed.com/rc/clk?jk=2e961138709501ff&fccid=a2faf1301ac6ad4b&vjs=3	Bosch Group	Farmington Hills, MI 48331	Deep dive analysis improving hardware-software interfaces and developing automated test software for software testing....
Web Development Intern	https://www.indeed.com/rc/clk?jk=3448b0700e037857&fccid=0f6cf215e6238448&vjs=3	Amerisure Insurance	Farmington Hills, MI	Collaborate with information technology staff in the development of software code that is accessible, usable, efficient, and maintainable....
Junior .NET Developer	https://www.indeed.com/rc/clk?jk=9c4671bf27a1e50c&fccid=de71a49b535e21cb&vjs=3	IBM	East Lansing, MI	They will posses skills in the disciplines of Computer Science, Engineering, Information Systems Decision Sciences, Information Systems, Math and other related...
Software Developer Intern	https://www.indeed.com/rc/clk?jk=8a7942967cbb627e&fccid=9c44dcc79b5dd5e2&vjs=3	BS&A Software	Bath, MI 48808	Computer Science, Computer Engineering, Quality Assurance Specialist, Load Testing Experience, and ETL Developer....
Software Developer	https://www.indeed.com/company/Utilitec,-an-Ancor-Company/jobs/Software-Developer-6f74063e2ebbf3ca?fccid=8123d7cda6133b24&vjs=3	ANCOR	Troy, MI 48083	Compliance with software development team best practices. Bachelor's Degree in Computer Science or work experience equivalent....
Jr. Data Scientist	https://www.indeed.com/company/IMCS-Group/jobs/Junior-Data-Scientist-0d0dfafd04f00b5f?fccid=fb8a60ae2995ecd5&vjs=3	Reliable Software	Northville, MI	Reliable Software is looking for Jr. Experience with Data Science and Programming Languages like R\*/*Java/Python/.Net\*....
Jr. Java Developer	https://www.indeed.com/company/IMCS-Group/jobs/Junior-Java-Developer-75c573f1e1f23502?fccid=fb8a60ae2995ecd5&vjs=3	Reliable Software	Northville, MI	Reliable Software is looking for *Jr. We are a Michigan based IT technology solutions provider with our core area of expertise in Java Full Stack, Micro...
Cyber Range Game Developer Intern	https://www.indeed.com/company/Merit-Network,-Inc./jobs/Cyber-Range-Game-Developer-Intern-f670990f2f6ea2ca?fccid=ebf51cefd21eed94&vjs=3	Merit Network, Inc.	Ann Arbor, MI 48104	This role routinely uses standard office equipment such as computers, phones, photocopiers, cloud-based systems, and AV/teleconferencing software & equipment....
Information Technology Intern	https://www.indeed.com/rc/clk?jk=1dff6692beecf9c7&fccid=f5cd34ed012f6c29&vjs=3	Community Financial Credit Union	Plymouth, MI	Upgrading and replacing computer hardware and software. A Day in the Life of an Information Technology Intern....
Computer Engineer	https://www.indeed.com/pagead/clk?mo=r&ad=-6NYlbfkN0CW6ji82_uzV2yQWCYGAmo87nr3eHyuTR2efyk2vvipYuR5d8CEvHE0mRyoSVKvGHruekbplTTIclzxDe0n_XbJegYsLfNrnsP_RSAhVopj9O-TFGxu_zp5ZJjZs8_jcPxCs8lQYw5_RDcAPvMLc3iQ1fMgkAZ0FN0yKJshLuxISmLLdacQb5pL6xraX9bQr5g2G3JOCcqnteeGSk_B20q-Z-zUuYWmnAko97N7X-oEO4KsCDUPRkS_1s9bSCZ66UbDdb6sd6UuUDEMUWh49luqlgRqezSqc8_og1555pWNCZzwex90x7cqkJcqHdO1Cv3IU1Y4wT9h_nddjXE2dUARejkUlUnA4jI-V0EafhmuFeLCEg-kFenuAyMUnqPyFSfdOC2S5JEnhBBJ7c9j92rsJMBeSGpqpsyyLahl8bnicR2ULBbZmI4m48IRhk8DHrkuujM5Y60HX0h3-O6dR-4qlvH0JMnZKEBDwwtnREeAO3VrnvL2eecG7CHrWYGBsQM=&vjs=3&p=7&fvj=0	PREFIX CORPORATION	Rochester Hills, MI 48309	A Bachelor’s Degree in Computer Science, Computer Engineering, Electrical Engineering, or closely related field is required....
Software Developer (4 years Java Required)	https://www.indeed.com/pagead/clk?mo=r&ad=-6NYlbfkN0C9Q6Pw7dQ_xXK5br5oHGeIZR1QDHcf60Crdr3GAV_iLJth9WFbgDfA1Is5URWOJo1hiW8lxASjpA_FHcHM9EEkWrzn6CXCgxwFgcx3A7xx5EOjROm_NvCPVAUkcwN8QEQs6HDKKs4xqEsmoEw9uM-xwLbmQ_OyEO8LOYX_4qho6SypcAtTqVTFarA0O92sxRbXsJ0BJlatJMOy19fkpR6o9tKGR6wJSvjJ_DqujQiCfvoZFinyQgDB7v0EWDplJFFWvfCmWVkRA-ZVzFHJphRmt7x6k6-F5EDjceEm_NpyuhQqBXTjmpklvWM0om6Emt2Zq3PXiMmOMlOBTkkm57k1Kazm_CK5ca0C5RSpSFHhfzI3FCkL51n_fhXoXIKQeaTTOPa7rsbhoTwicyDJkaCjkdDPRZ9p1ToDBhBiMH75GNQGgO59mkyJycRzHg3i6OZ0aCbasiXO8_qxOtEOoGWR-Bef62Xb2kOcrv_BcNeWxl-iBjmAZZNu7u4IRPZQtYKRlHYaxHu-_J5Ux91FFtOgKBmxQyjNBVg=&vjs=3&p=8&fvj=1	Domino's Pizza	Ann Arbor, MI	High-level understanding of in-memory distributed data storage systems like memcache, ehcache, Hazelcast. Using multiple data storage and access techniques...
Credit and Collections Analyst	https://www.indeed.com/pagead/clk?mo=r&ad=-6NYlbfkN0Dp0JyVoB4DcgSGiwyt16g7_a4tLyyAM45WTRqxR2GExjWQblHi70tn0tfr97bYzpkg1aOUOn9ytB-ss6BzgX1kn7OVJZjTjr6-My1FKMUC1Wgc2STQsmjN4kQxOayAKTH6Y9JpjOFWRPj5oVh3d-Cgx2Eh3XdVdePyJg0aPfxd_oThZXyPLOFTgTIvkcnD7PlNlHvzvPiI3RnHwXTSnMUs8huBjLv44Y7V8otDb-ii4PaXODWGjGEsqpeDPX1vnP8ebvwmgw4mF-BmsMUwpuv_L0CKrayk9PpBkIxh3bMMysY-d286JdChHIdgfOI54Kzz0mQVJuZ6fE_CxvzVT1K4POSxmx-NqNldq9Mzz9a9NI64s_DgljbwShXNt7L8TGjqR06CwFlZr7ogpX1dZ-OjryII2BsKvW6pmQQdlul_PGsmsPfu-8jGx5j7r1EpJXs2pKFIoonMJnwmDonUk_qpafv1jDYZIRisGYzE_HQ7xrf0sQrg3WYTcMw5mdMIVnk=&vjs=3&p=9&fvj=1	Big Dutchman, Inc.	Holland, MI 49424	Excellent computer skills in MS Excel and Word. Maintain all A/R records, customer information, and invoice filing (including all electronic scanning processes)...
Software Internship	https://www.indeed.com/rc/clk?jk=79509fae86d99a22&fccid=8380d2aa3293f028&vjs=3	Intrepid Control Systems Inc	Madison Heights, MI 48071	Support software integration troubleshooting and bug-fix activities. Work within a highly integrated team of software engineers....
Data Analytics Intern	https://www.indeed.com/company/Unicorn-CG/jobs/Data-Analytic-Intern-1f5728ca2a0a0719?fccid=629ccb35f9758706&vjs=3	Liquid Advertising	Ann Arbor, MI	We’re Liquid Advertising, one of the top ad agencies in the world for the videogame industry. Our analytics team in Ann Arbor is growing, and if you’re...
Robotics/UI Software Engineering Intern	https://www.indeed.com/rc/clk?jk=835a7639d6112851&fccid=5f460c65e642e29d&vjs=3	Honda R&D Americas, Inc.	Ann Arbor, MI	Integrate third-party software into existing codebase. Passion for learning new software tools and languages....
Rotational Development Program - Computer Engineering / Comp...	https://www.indeed.com/rc/clk?jk=359ead2686ef53da&fccid=a2faf1301ac6ad4b&vjs=3	Bosch Group	Farmington Hills, MI 48331	Mechanical Engineering, Computer Engineering/Computer Science, Electrical Engineering, Industrial Engineering, CI Engineering....
Software Developer	https://www.indeed.com/company/Sasken/jobs/Software-Developer-ff8169ff60d6d1ea?fccid=d4642b3290d96e72&vjs=3	Local OEM	Southfield, MI	Local OEM looking for a Software Developer that has 5 years of experience working in a automotive environment. 5 years (Preferred)....
Junior Data Analyst	https://www.indeed.com/rc/clk?jk=ad92fff9df734888&fccid=4aa7966c9191d8fb&vjs=3	Critical Signal Technologies	Novi, MI 48377	The Junior Data Analyst is responsible for generating/maintaining reports and providing the Information Systems department with technical and administrative...
Software Developer	https://www.indeed.com/rc/clk?jk=f8b1ade3cca57cb4&fccid=fd5cffeced52a669&vjs=3	Veteran's Enterprise Technology Solutions, Inc.	Warren, MI	Performs maintenance programming for existing version. Test, debug and refine software to meet customer requirements....
Software Developer	https://www.indeed.com/rc/clk?jk=5ea542963d3af8d9&fccid=42f0f0c1a2aa0b33&vjs=3	the JRT agency	Farmington Hills, MI	Functional understanding of object-oriented programming principles. Share software development best practices with the team and mentor junior developers....
Internship- IT/Computer Science	https://www.indeed.com/company/Comfort-Research/jobs/Internship-72063afd65c9d46c?fccid=b0482683f61b6dee&vjs=3	Comfort Research	Grand Rapids, MI 49548	Currently enrolled in and undergraduate degree program in computer science or closely related. Are you ready to be part of an amazing and award-winning culture?...
Software Developer	https://www.indeed.com/rc/clk?jk=38015d59378e00c4&fccid=3639654bd4055c70&vjs=3	BDO	Grand Rapids, MI	Bachelor’s degree in Computer Science, Information Systems or equivalent field, preferred. The Software Developer is responsible for analyzing internal user...
Information Management Program Advisor/Architect in Lansing,...	https://www.indeed.com/pagead/clk?mo=r&ad=-6NYlbfkN0BFQyjjjFUp_wvhaFMkOKCEIGpSLES1yVR3YoScZ7Qv_xviH7f-5W3w-NQBxr5ITOfYi7vLzvntJB1qaRjOfqZDL9rH8fpTA6wkqtyKQZNil27gwL4Ao8lfToxLQcLbF-jD6WkG5bvAjLEmqpY7Bc0Yz3TdPln4F5C4RFqE8zJG4cVHLv8HgORDEykQJbg8r2Bb6hw1G-OtG_dFur2aIOKqZqbnrPGYbsILxa8qKRJdipXZqkxkJCqbRXF0rAphX8v2Bh_qRl8gKG1Gr6eVsQxP3s2MhK1dtPkC4cqWE-utNvkNbc3BMmlW1ajLxD-6omu5yRDdKCzSRtdxXxrAV27AKpdlynytvWvZyM_ob8CDJlXXn5vCKo1hUL0F2tkDAlGqtvAPm0ef1BV-bmKmzFVbXoyZgeDZyLYt9Mwq055EzupJ_t-qSUuc8F6ATP9t9zROcjVfzKJneDS2nhT-fTkeEPsAdRIJwvfayHqZkaOaf_QOrljTjkxPa5w3wNSHeKtDKxIxzPVhsNyop85So_uk-Pb4Pvp3Dh04yQ7FG1RvysFNs7cSTEod&vjs=3&p=1&fvj=1	Super Technology Solutions, Inc.	Lansing, MI	Build Data architecture principles, create models of data that enable the implementation of the intended business architecture, create diagrams/schemas showing...
Applications Developer	https://www.indeed.com/pagead/clk?mo=r&ad=-6NYlbfkN0BibVj9rN8Vl-kGTJAfV0kPASAYyhC-deqKP-7O5KpG8PaCOHEpAaTvwHY1GORddwYdnlm8X2cB5N6kOdJw1e179aW3izQzPuVE4CUXfkicZY14OC0RgkG2BnGAxgrXl7uSR_Aa_ZnCGgtm8vv5ttA1vZbcejCCS7lai_AzPxD6o24MMg5iNwsv_KpSTpeA-Im-WGNSAeB-R0esZMzikghaDXY8RQ_jSBePN1HWUe86QzDg2dQzbJP6MDixic6MCPL_97919_QN2AKJb9omcYVqIaq1h9oYplp58JKNcFxsdjYoK6xSxTKlqwbfMxQU7br3bieCgzGGi_nXs3Nc3oxB6lyIKoxwWTK92GgA27X8hztNiY24liFvHGu8hsIXzCVpGE4G01oQS2sXxYMwWuv28s255MLb5WjaeV4sSJYXmz2aE7oe9XnhwItDxjXnG0Iuq6Co5DllwvbYVj1iK4qlaRPFvx9m96FHwFZQNlZWEd-Xvb7-n6rO&vjs=3&p=2&fvj=1	1-800 Hansons	Troy, MI 48083	Constantly operates a computer and other office equipment such as a calculator, copy machine and computer printer....
Intern – Software Systems Administration	https://www.indeed.com/pagead/clk?mo=r&ad=-6NYlbfkN0AbcLYJH6EEU2hhfUhIe4V-wtZUPXOEfJh72XLwlGjJwXW5GoFa_FpEv_VrzU1L4Cv-aj9OeduQCbWHWzy6ddGaaZ7dAMNworjEgsxMOYTW4g5AUd1nnVoxiddenX34ppFt0HSTQ-1L6PlMItinc8ZxqP0t6P3rW4lk83sX4DXb_MjwoPVenVIUAVQb1nveSnVhrz4CjMqcs0x0dvotHIU57g1g7evpqp-huTxRBE8-EOBMN5AlDSHrs5MtpaUMsSBth_UU0_cJFiduMHAf-nNE328dP4De_OVpXeD6evzGNkhbdrxNQZ0OtLILxzEEAdXTN9uEqUMcXzYVLaaXqt77XYV9YCRRJsZus26RCnlEYE1jg0RDGPZUbXAofu-5R-AGZqye5eXzVp6cByOtpCSN7IQa-YSAfYKERscM9P9vyL9TxF0szZOZ2k9S6_b8ALC9OoI6U0xV_OiptM2W2V_s&vjs=3&p=3&fvj=0	Resource Recycling Systems	Ann Arbor, MI 48113	Four-year degree in information technology, software systems, business administration or related field is preferred....
Junior Project Manager	https://www.indeed.com/pagead/clk?mo=r&ad=-6NYlbfkN0AtPu15fcnU7wqICzoT3ZwAHq_H4PCbyrnElw_HBP2wS1odQchvgNhE71MzdZxvbPCjlQSFMD5L-wzmSLtkkgGb2qN6yFAGATO5pX5JCDaTn6jqPKdntWxKcho1cieVDTPN6cJoXJCBhJpnoa8ykOvRFOkalXo4aUOfg2LaZCPi4qSz2FJbXe1eJwrzRawsFGmGkf3G64va2rNm0f1mSdS-L0ZM-K7pJe5EijeK3frGDp8fDLB6U8WFPiTYdQVL2wYt4GJGfMLxkfB1DiHhP21zlU84skC_RTkGB2HSN9hPltN-pAt1xCgTtxLbLM6go8qQQuE-1rRH9x6wZFCpsUhrbo_M8zzWe9oRIqN7_LOXgF2zuY61WxFYyQUD5Bp4lM-GdPsQrRda6b7fkwgqBa_othRk94CLSHt9gsc5r0y7_LOroo5fftR_ZR20huL7wqHLBdQDtpXTFRYQw-JQG3D_21zJ6RBN75sMnvSBzTbx4vioqilQgP-0&vjs=3&p=4&fvj=1	SalesPad, LLC	Grand Rapids, MI 49546	You’re familiar with software development life cycles, including waterfall and Agile. Developing and managing the project plan for the implementation of...
Software Engineer	https://www.indeed.com/pagead/clk?mo=r&ad=-6NYlbfkN0Bsf4hv66VAxtvz9OsxF8HpyOkeMf7TEBG1VsjiwB18HdAP2jB6up9VkpMk8pq1vbYWNTSLIgtaIVQvUA1m1NIsHG2MGpz3h44xBo3Iwv8lZwFJpxTObbdLaT2lqY0522TGHTQW0KpcCY0unmu6SsTxvhc0r3BUQQadKy9HRDm0lAi8lQaIQWB5lMQIJbs7iMqEqYE_8PXwgAnbEuw0of8n-FawtV0peIzE4w-U8hMt1VUzUq-Rx9iV4j8WEpl3gaxuuF7E3j8bYkZlg4QrpgV0i-USYBhlSWqZ0Ec0E0oJ-2h0nZB2i1bHzC3o1UBlWlttYgW9kExTTiYbiqIxNFH5wAQb54zpefb-P3R595LcBEM1RLBcHYSNgdLfCpZJpHmvG5ECwp3CV5Vwn_QoVu5D_bCLNmrmrcOY1VR-qa1cfTE1GDQ5OU64eUW5fzSHWV7HZWvUUDueR4o2Zoh50s3HaUdiMCpqx3oe2E73P3YenoUY1UHrkMZSvjtsq-NpgwXhH7j-92-hLvotg2NG0YEVrOJpodbUKjwDvQiqvMjcuCfnlrd4_yyhMIXbnqviTdS2QoeFDUYXnQxg_w1IhgSAJvk_Qv5T_u7SjmQHj7phjPLJpf8j9OJmTbZSNRzODMAwX6jaYFUATg==&vjs=3&p=5&fvj=0	Cengage	Farmington Hills, MI	Bachelor's degree in Computer Science, Information Technology or Engineering and 4 - 6 years of recent relevant work history....
Data Processor	https://www.indeed.com/pagead/clk?mo=r&ad=-6NYlbfkN0AlVq-kMRMs391nHh6pXXr0XcP6OJynmWNNdIIk4XvkvFNtgHXitrFFtnD7Ycq8glbKEcp1gNg1FaOm-KF_CguN1q8bLLvAf6rp5KWtvw8_eGIw2FUTus1b5Wo8djVXlDhBPAWqdYye760-GBYm0uSB7SfnC4K20NQLjqCSMSPI4kBOk-OKXn3XOPfJL_uX7w9Mb9YuQQ8uOp_h1WdWtj6A1gXzpZEB2O1I9oF7uuRbpMwFm4_UGCahc0Hn6YG10AINzextsQMnO7ZJPb8xS2AtinTcZLiITbhWqE7DG0F0PRKYK_i8Hk2BwoyDi3uNc9dyegK1vtBWAGT_QKPVSVdQB8-aV89hdmhwqVS9TZ78B6kTKDhfZmNFslOkCWq1s3ONOPWJ90R6QuIECmMMlH6fMGaho6qk7tyrCivj9b0SwnuvasEXZ8axp2EFfPlWWlek666Nqhp5c0uHR4yPOf6PzSMpkhwZyjBtj8mEPznzJcDubWg4zmujzHfhKfhv6uMeA368ePuK7mJ-asPTpEsHyAioCMAtDpABQlDXgHWeEpLKMi97LuXoySk8c7XcJXRG-uUcZm4DwIYVrqhZH3Oursln3P5D7kdb6AgrOJuZS2M6I68nxS7soW4fFPVEWBSEGh36sBpWg6h0cFFxIl0q30BF0M_NVTGAfD7zqALH3A==&vjs=3&p=6&fvj=0	Hastings Mutual Insurance Company	Hastings, MI 49058	Responsible for ensuring information is accurate, complete and consistent prior to entering into our various software systems....
Full Stack Developer	https://www.indeed.com/pagead/clk?mo=r&ad=-6NYlbfkN0Cox4EWj1-NZa5kaaM1ymhQaJnJpbs1lct9pKL5cOigP2mCsnSd_y-VzUja9_VzQmU9s7CdG6J0RidQGxIdm1jYJEqcIklrRLucggCwhGxkkDi1SI8tNofvXJ3hIYNiqKQi2rYWfz4zb89VwLeIyuqsMZGKzBgyEalOvL_wVO4wfWAYboFHpO124L5ifBWOpHgo3UiSVoBEeUFyQV0hVr_FOJy05XoFhrcsy6Gf2-PbCDwFSyDXhczB0IZei_ml4GrNEYCoDQaPGqvuZTuz275aeGZE0WyA66nC-Pd2O8e3zFeCiiKI0zbIaGI_VWaA8835-4ejq0AQTM1EKgnfqiJpbd76xKfn88NQujEUzapCtFedD2PM9rjdXxFpZh462oncY9_BLRL3w8Rgh7prFMk9Fl8mEefcBCbGckDVyoKsyMgxpIcTAI9BfubtKZhoezqVnYF_qzO4aibH6OwWl0ix6CKKYuD2ysudfALVwPZZVKdtztftp7Az&vjs=3&p=7&fvj=1	Fuse Technology Group	Ferndale, MI 48220	Full Stack Programming:. Work closely with the Lead Software Engineer on new and existing applications, examine client business needs to develop solutions and...
Lead Software Engineer	https://www.indeed.com/pagead/clk?mo=r&ad=-6NYlbfkN0AHjSJ4bN-qZ6N-GzjFdTUcJGdFoUF_fW3a8HCSXVOiEwDdoE_eVw2yairolDwvY0aRM9YcwLt7nn6wfLzmgSD_FKrhG2-XR0UJ3ZHGmI4Nh_Xta7U5ssaGbMB4kqUbpeL9uKiwQdQTUp4U6S1N_cJLp30rEMYlRylImkOeLU8M666p54YsQDUn08EEL3KlMtOxIp4b8COuqWc4d8rXMPkSLhi9MeWSvgKpy2Ohg6q8M8j6ObeA6JJWqiIy7QKGsCFQ_rjVsT0-CujdVLCZlQTOHUCP0ZPY5JEFfBI4wlbknhci91RY84TYo3_wIV_FR9ZiZNVlvPIkP6AiRuTkNX05zcfeeb51Sj62tLMxZ5dg91_g84fSa9wCn0_yOGSM_6BxHFeUT1d3cHCtC-TChmtlfCdOCMH5pvGr1zkWb-3701jVbbhLy0vPLugr7e8wXFBBeYgHRPpqFK2__yPFUTSLEFSYtuonOjOZckdrZcbLhXxySo74h_W7wNs1Yr42S6tPjvTZVjObhys_CIdMlselFpxLoqdPIbFz8FSq9IUej8IZJbNHWJZC2ycf6n7X4jitJpvfy2qVIpEKcFLqIpkbE69_N7r5OI9AMSZmXMhzYQ==&vjs=3&p=8&fvj=0	Plymouth Rock Energy	Oak Park, MI	Strong programming fundamentals including algorithms and data structures. We are seeking a curious, creative, and seasoned software engineer to lead our...
Software Architect	https://www.indeed.com/pagead/clk?mo=r&ad=-6NYlbfkN0D1gKYbjhnuLsLCCsuy6Da6jM-qXt-1-sWstwvcDeqOdAD3Q_WTd4yvO7rzfewrRM8yEkKHVVp-6MbLEeC6UCBB0SrFqP3SAip8MIhLm5OMDzW8Ky1H3ye3jhvkpqggOwbjyRdYzfVaoGF6UVcgXoQ7wJCwupE_Vy23zhPwK7_h2DWfgIB-3wK_jpG8WaXLZQ9S8CGFLi5F0yFbHsM9-tMCERsT5vIoDCPWrvOANPh2AQqExugW-owqfN0uON-GoyixcDRS7sTALgV0xyhTzhdjutWBLlReyRf12DBZPbOJsiZm2Kx725ln1GwmtRC_jo5wmTfQ6to_mgg925n3dfLABhA0lsMpUQKPJW_GLLI3KuDPTyKmXxKgj7zI9eAAqIGysRm-jiP7epP9rJcf-aJLY7mLPDva-8UbZMdIp8pSAmjeFcU657A1gyshZEbyO21-CUJZi7mod5SkHYhnwOykUqoJ-b_9Eu-0w9ENdU6Xh2ofXThS1eTOLVVLmRza1RUost1ogKR3ADxtDY3ivbiKFzxY9CUdH3jHhPF7hOeDNOU8VxmkPRVWel3UFCWGueHY05lv9H6nf7I4sQGNGX1TF2-gcTgMWWl7V82xgk5IdNrlCJdvNxOFBa7B-a4nfbWRx64OwIJEPIEhql03-dLzHQFtRmlwvxJbvX84IuoumA==&vjs=3&p=9&fvj=0	Quicken Loans	Detroit, MI	Resolve software architecture conflicts. Expert knowledge of database design and data architecture. Research new software technology concepts and tools to make...
Cyber Range Game Developer Internship	https://www.indeed.com/rc/clk?jk=2994840dbe9c2ec4&fccid=46c847dc877cedc2&vjs=3	University of Michigan	Ann Arbor, MI	This role routinely uses standard office equipment such as computers, phones, photocopiers, cloud-based systems, and AV/teleconferencing software & equipment....
Software Developer	https://www.indeed.com/rc/clk?jk=2f069459474493c5&fccid=96eb85362668bb72&vjs=3	Visionquest Companies	Holland, MI 49423	Passion for building great software. A BS/MS in Computer Science or related degree. Are you looking for a new opportunity with a great company using the latest...
AI Data Science Developer	https://www.indeed.com/rc/clk?jk=00e7d45dab038468&fccid=09fad757f3449fa5&vjs=3	TD Ameritrade	Ann Arbor, MI	Document technical design and data engineering approaches. Proficient programming capability in Python and unix/shell scripting....
Web Developer I	https://www.indeed.com/rc/clk?jk=74cfdf74bffd3a56&fccid=788a7fd79eec1d60&vjs=3	Domino's	Ann Arbor, MI 48106	Become familiar with medium-complexity features of the programming language and its core library. Understand the software development lifecycle for applications...
Controls Software Programmer	https://www.indeed.com/rc/clk?jk=e0b5583e4cc712cb&fccid=70fbedc2fa591d89&vjs=3	Summit Engineering Associates	Rochester Hills, MI 48309	If interested please submit your resume, references, and contact information to:. Our engineers need at least 5 years of experience designing PLC software....
Software Developer, Systems Software	https://www.indeed.com/rc/clk?jk=5b5572354bce38df&fccid=f61c8605baf00bc3&vjs=3	SunSoft Technologies	Farmington Hills, MI 48335	(Work in Farmington Hills, MI and various unanticipated locations throughout the U.S./multiple openings) Research, design, develop and test operating...
Software Developer	https://www.indeed.com/rc/clk?jk=95e6b60503c7096b&fccid=3efc0dc06859aca1&vjs=3	Universal Software Solutions	Davison, MI 48423	BS degree in Computer Science or Computer Engineering or equivalent experience. Analyze reported software defects in a timely manner....
SQL Programmer	https://www.indeed.com/rc/clk?jk=edbdc0805dce8d41&fccid=8f5b5f378d7abb1d&vjs=3	General Fasteners Company	Livonia, MI 48150	Bachelor's degree in Computer Science or Information Technology. Data Structures and Structured Query Language....
Summer Intern - Data Systems Development & Analysis	https://www.indeed.com/rc/clk?jk=3137fb0310dc1c03&fccid=e365f6518c25f1b6&vjs=3	Internet 2	Ann Arbor, MI	Experience with SalesForce, NetSuite and other data sources preferred. Internet2 is seeking candidates for a summer internship, approximately 20 hours per week...
Junior PHP Web Developer	https://www.indeed.com/company/Engine23-Ecommerce-Agency/jobs/Junior-PHP-Web-Developer-8d83ba25d833648f?fccid=65a4e4918752590c&vjs=3	Engine23 eCommerce Agency	Grand Rapids, MI	Functional experience programming in PHP. Software Engineers will work primarily on Magento, the most widely used, fastest growing eCommerce platform in the...
Front End Web Designer/Tech Person	https://www.indeed.com/pagead/clk?mo=r&ad=-6NYlbfkN0CDRYH6VG5EAIFsp5f9tYUJkMxwg48RakcQbz_Fa98QwOGXZkNRiKQaH2rcayLAjIdxUpUmuloPKBaq1okrIFPl1reUK3dQEXJGiX0Ic06lsEyiGDUcn8VZDmarHpUxqkoi3xznwJ6qY9QeLpYyNKtfxIgKkpXLpXeROz1lImFZ7n94GBi5LYTXLUy8Y8VNy8wA49AHH-D-C5HGyktUJv8a68W3txE6gxx0aLx8m6E_hYZXD4fmqHDojLFRU3BHcltQMtinzHATiVlx9HhRPsoxVsivKD2LHdQFr588M8_PtehRwTSFGmS1urIv3SCer0Zg9tcrapO5KmU3jQrEekOwQMXwnFhS5s2Jm9G5LCHmrsr7Z07wJx4HLN8K7S5DTmxQhlQLSTLrXZ6OhA52VZc2SzWuLI8m_vhjdy0l9E7_HtbOhbN7ceH1IBwtdjLiNba_AbEL6CHLzlECeWRNpapjg4J75leKUhkKNdp7rxmhUnCnqzgEmcaSfEuv70k3kNj9XfGGS7w8ag==&vjs=3&p=1&fvj=1	Profits Run	Wixom, MI 48393	Seeking Superstar Web Designer & Tech Person. Our fast-growing financial publishing company, Profits Run, is looking for a superstar web designer and tech...
Grocery Store Merchandiser	https://www.indeed.com/pagead/clk?mo=r&ad=-6NYlbfkN0CMwSUALwbP3tvQ93KmRmTLb2LUmn_2HsGIGsKlnimoFwENioKAQ2N2ROEmr2TtvVY5jMM4R87-skx4Ep7SmkNAPkzhdgdX5odMc4unf-QJwuJEtqvaNImfAXHlmpCrpIVsNNLDUOnxJ7Ef3jU231V77p2iQucUOqf8oXh8fwHY43B9wKCFXFQ5Ysnua7dbKav5MjexMj3OYvOXDQLCjiqolrvMTev1A76MFSQSQMiDjnU_6XgLWtVfXyOEbFfSeZHbSJlnCErnUES7gCuf_-JbHISSLFYmH7miblLWS__jbmUxibuqIAU3DD_DNpFpKdo5TMiSSc7bnYkTKmv5y25AUV9QY1prPyL5SIk0EWhXNcdUcqd8wn1rJ4T2ThKD08z4buw8nO-dsCplDigxcLRELA_NTbXPoZTCGnLAbWorZT_U32rn4OJ9ag2MWos3fvGjE71E8LTX9Q==&vjs=3&p=2&fvj=1	Jyve Corporation	Sunfield, MI	Jyve is a rapidly growing tech company that’s revolutionizing retail with our unique merchandising service that pairs brands with an on-demand labor force....
AI Data Science Developer	https://www.indeed.com/pagead/clk?mo=r&ad=-6NYlbfkN0AafSo2WvTKTdtig8mIz8uV2y1gdMEOoCxWUCT9kuSVdMdF21OHyB6ONe41Y_vIb0OGBofMRUb4HQ8rTp8iSSAn-AS-LRvW6p2G_JxGWFs8_Ba4ad4AaDqXgHupRgZ1DNeankGem_nbtppfoYPCuogVpejliKwxjxOwNnaTlspcY6ya97rxnvx_K8986A4apUERUWkdtYPetVR9SFX1dpxhwDMBunAc_zV2zyLY4EEpFfZPe-Cza6Rt0vMcShaQWFgm_peMpEJ05t1ie9IC6awGbP63f2hs5DcfnQWVbSW3Nu2JgvITIjevVzn-JADDXRCDeW2d-nfXgdVPkFIy9Q_nJAuyBlkJM-4_CHzQ5-z6wLiu7uyx04IJd__EU1_HSGJ2ZRHhzN9t5XPxFO_x2Si6JJ5QMNV8DzxXdOaHLaVlVawOZ6ecNm-1G7Mlx-S3VL1QhtzoEG-QFd8kHKB_Xye8rQiBOho067s=&vjs=3&p=3&fvj=0	TD Ameritrade	Ann Arbor, MI	Document technical design and data engineering approaches. Proficient programming capability in Python and unix/shell scripting....
IT Software Developer	https://www.indeed.com/pagead/clk?mo=r&ad=-6NYlbfkN0Cm6pEJVNbHgi8yqtUCryXyv8svlI7OaIvgslhMtAMmFsH5pGKb8SAYmsPZyVNF6w4E3ZP-gOzrmrYqJ_vrokLL0JtYCFnNSjzqReDzYtWW_01LqLCy1pdEonzr7bqcFhVXBbyGgsL-5WcnSPkRxYjpgpJLfEWMCnHmBKlr3_teT_T1k5xfYbaJAMLp-vKbAFYCATMwFRSBJli_VDk_c3Yj6w9qerZlYYbpCQravKnDCmY9A_AiCRgWp_1pKUtIV4sQjbWH5wuNnHW5UdgqH8ohwDS6lggf4uEsVhq97z6XzSf4NTReyfOB03IMv-0a77YCwV8SLb9MV3sfzTeLTtOjXCGax1xsLGDK7L3BS0OCUe5Bk-XDOzVkaMdMkeyDCpM0GijKHOUt6dEl_d5-5VMAttDkDWJWA2WZL_1b7978EJwq0FSA0_JbbzfpUGitOHHvHraT3z71EJ_05zoXZRvsI3Im0mj-aXxfdsjQIN2eUr07i-gvczQAddMhNUqCwlO6lOJX5V6oDd_7Ic979a_TicYYM_plX_C-G-GM80qA_w-sUn-KkZV20LZyrLLLKno=&vjs=3&p=4&fvj=0	Bethany Christian Services	Grand Rapids, MI	IT Software Developer. As an IT Software Developer, you will be primarily responsible for developing software applications in alignment with organizational...
Senior Software Architect	https://www.indeed.com/pagead/clk?mo=r&ad=-6NYlbfkN0B0AAhNBlROIvE7LXoga-bpnwqDGGTSMOvzesMQiCcmwCRDzXrdo8BU15x7GsqhxCCwt2gEqC_JGXg3scWy5JQ9nnY6FO2M1dAOvaFnC0Rbjt24F732v0jRjQFffkEPpB8RmCUfxQP0abfzVLChtSuCLmljDtp7n0SDCrZEfhUlLz4jJDuRcNAUprNv70D6-mNDgQOGs79F_apMEkip4GyAl8jYWW1RcrJl_8iqaYOfpWCjAGxuxjJwBHNkZrFDOXuryB_EcbsCi6ux1hd8NVgvqT9Vm0DWQxR5D0zP63GEtQI0AxguW2-hF418d18rLFLzOe8bEyy24x-ppYbU3-RZ9D5oUkMGO0J7BrbxBSJ5N7kSOl4inT7jcI_AjXN0mZsabGvc0R9Z9piVlnoYdTpr4l5PnYMuIw5I52yx3YtgzbUWs10nzCItdxiKMwHKU6KWyGP685q3sirHeTx4DTGwwXM0oZmGOmAdwZFoOgTLbps9PPJS2QH9g8wSRS4ILsg=&vjs=3&p=5&fvj=1	Hillsdale College	Hillsdale, MI 49242	A Bachelor’s degree in Computer Science, Computer Information Systems, Software Engineering, or similar degree, or 5+ years of experience working in a senior...
Back-end Java Software Engineer	https://www.indeed.com/pagead/clk?mo=r&ad=-6NYlbfkN0Bsf4hv66VAxtvz9OsxF8HpyOkeMf7TEBG1VsjiwB18HdAP2jB6up9VkpMk8pq1vbaAkCGBYlfghBd0DyEYXKwc41mwq0XCXGv9DxOMtHSNK2AzCimHb7NQsATBHSr_zTFkMNkVdJF36Wr8lpQRM1OIdouiqJZLr5pEX7lqm9N-WODtZ8GsMIMTfk9sNNcqbeoPO_-Zy2QTB9BNknQGv6PRtJIHY8Rfv2YNm2rGoHfedPGVddartTzhBzLLR3ViE4I2NDWXz7f7wtZkl3UlXBQjATmYsGVnJNbdZ0rVYXkq42TFQjy0B0Rfmp59XBJFOwwmqTYu3OxbJRZf3DWEmqN8far9GDMTAUhdwCVhe8VTYIMk005sDUewkCahL3_-SlkUiK9AaKsfMbKHLz2Egi_LCtoohVv3IZCiJOeRyXG3uRQZuDVaHEM_zsfexvCXCSt6n8mS5hI500HR44NY20u9roLTn4Fg6JyP7cDKeEkvmTTjpmR8ajSx3OuZzDXTro7krcTrmCRJB8racvqMdZsJNGn3YTH4yIGSysdz7TpYDIVJjocHKJkok3VF5UXsUvAeCRIjWU495MlkUq4TGWpb-fJu59bOO-uN2yazi2QEY1oU3K0d8i_ST1ojhOmRSHscVE6LNAv-q_4Ok60legXRb0VGlEDcTAo=&vjs=3&p=6&fvj=0	Cengage	Farmington Hills, MI	Minimum 3 years’ software development experience including 2 years of combined Java and/or JavaScript programming experience....
Pathology Services Technician - Necropsy	https://www.indeed.com/pagead/clk?mo=r&ad=-6NYlbfkN0DGLLS1Jc1k1t2mAx4Q-4jja7Q1ysspUeYmFGX_bcn7TUxEnjRltFTelcmNyrJ4ei4ccqTf3TjHn9o6MdAsXrbXzKwPJmib5sdwJTz-XhioirisSJFTbV87TpvwHC5KTGN0mEX10l5gOrUsK3FvtWQM_XEDuC400WlsW7ib8jsHjBPYl_mtY9s4f4Yfj4ojz20blMpQFNkXQF70uX4l6fyCD47D2bDvdyMY35dckRNEQT4Qrm3m7a7TVW0zGcXbahks5XT3K_ZbxVWVaMHjtMaX9oxT_6tnLwmczPWMHLlkjmGP6l6LwVseoEyvjaaXfh0Qh1N9lDIysrgfWfHB_XPuyZ76xOdeVEnZcqnFzuu9tCRFgifPsdwE2YIp_E3dUhmRjgzPgTgwcslgo4ktlOXwNgqLxcw0cvk0uqeHE5rGJh8LkFL42LSiRTQZjXRGjldh27f2KxSabYSAerD5panN7aLpuC2Klarpw-nPyfIhSWqg39k-Jfmlh5VUg7kLL3dIrUDxkHTyUNQV2_LwOfdCLmJ4XIE5edU=&vjs=3&p=7&fvj=0	Charles River Laboratories	Mattawan, MI 49071	Computer skills, commensurate with Essential Functions, including the ability to learn a validated system. For 70 years, Charles River employees have worked...
Software Developer	https://www.indeed.com/pagead/clk?mo=r&ad=-6NYlbfkN0DnG3uErK82nFFDj_HDuPMEGE1orR3xu3sd_YZRxzYIZpWvq7w_Dz6ew9_UVLS--xcCCa42B5j9DDxMIYMurNe0bUq_nW-fiVyl9nnmgc4aK85AT1krXa1mtDSNAfMPNkg7b6xipNKYEfO3cgTWoMVO6hRzKyjULZyys-5HLukqzzti9-cPXx96wUXTv2_zWTj4JktsZrKQpe2gN2M3M5qP7arLCVugbOv7Wu8l5Rc4kDid1spQQdHKY_8t7zFV0fl-r9gLLSVIv4zB9S58XgseVGNgBGRcSWRJTTb7bo95mQ7-mgI-M0OPbqsjOQ_SafWh_617Bhf3J8nDqwJXStIKuF0liwAL0xc4DzfCDLYZLIr0smhru566qmgRLwio-m8o7p0Hm31z9Q6UcXQS63CsNqljKSHKu8Fxip-5Wli8fEpYWUgXWe2Tj7KCWeefJimOwv3b9KDc4JhR5PIYK2DI39Q0xacTu04iWMCfs933Vkd2dK0w_6hKheYROgQ0jcZhYKE90gv7Ue-rbKQ26bUXXaGWCPjbCRxX2MLf92bnMfZL-2XYCbGbzvrfVkdcqQC_BdllEqfwNM5rGiviBkKjlrD0-14DhL9JKjbTiI0im0D3mh_Qqv25qX639qk-9G_G6IosMtmP-8pCihfoUNAmOKyMTvB3RsfVEQEL5BWjSDjjq_4ONAGNDEKj09Stf0u_g67oplSXJe0pEd2beZcx&vjs=3&p=8&fvj=0	World Acceptance Corporation	Farmington Hills, MI	Gathers and analyzes information skillfully. Constantly operates a computer and other office productivity machinery, such as a calculator, copy machine, and...
Maintenance Tech	https://www.indeed.com/pagead/clk?mo=r&ad=-6NYlbfkN0CYi_rnJ6tDk9y6Bl7prN6vhWaqnJg32vKJIaeoAUM-eSg25WOp74InDVnaL7gwRM6lmvkVwUA7pGq0-feI7gWmqMjowm7QwJ0drPPk7Wt9q3BLBi4aPT9kx0_JdBEUNe4yCI4R7uVGtkOTtjsHGrzr1gYkvZkHIWcSYFlWSFDD7FVONZIhE6B15fQl9Dku_oR6k8WiranDG_3zXah0BNph9_-44n9a8wDfsGzHQm_7DdpCcFlUtnvC0DCaY7dyuQ_brjTFKNeQxUE6Vv1OS3_FcWxR-z01t6fGKBVkSdg9w06daUDYvIFAwu-8dYCWWFMslWJzCB2bpespLBppVQy2ogz3vfow9WrXJyp7anPkjjp8-xKD0NpsKSjuJoq7SHwx1qCFcFadJ-7c0B63xbtCdK7yjGgaZ6EBxSHYzbJiauIBIWcVFN21rGI9d3cVnewyaQF9RzrxUEl8iw9C3KKBJbk70A2GKNt5MLXEBIYcrR9bLvUqrFqdm__UEd-dAVlQKpt2FJe9r_R7Wp_L2q4voTOD6XLQkbn48bXHA9e5cc7NCbcbbUK1_vNfnhSyfHdcki0Tu7jU-NnHsNFFoWhnVA_mmArTkc8=&vjs=3&p=9&fvj=0	Spartan Motors, Inc.	Charlotte, MI 48813	AS/400, maintenance software). Basic computer skills are required. Participate in plant safety, health, and environmental programming....
Software Developer	https://www.indeed.com/rc/clk?jk=b3411734998f8658&fccid=8f1ca24c54c27400&vjs=3	State of Michigan	Lansing, MI	Additional Requirements and Information. Complete assigned tasks and resolve software bugs. Transition to other environments and programming languages as needed...
Data Analyst Intern	https://www.indeed.com/rc/clk?jk=08ddd3c4564ae636&fccid=4e041af1d0af1bc8&vjs=3	Booz Allen Hamilton	Troy, MI 48084	Data Analyst Intern. Experience with data presentation and visualization. Work with internal or external clients on stages of the consulting life cycle,...
Software Developer	https://www.indeed.com/rc/clk?jk=6c3280e5fb33ef0c&fccid=583c8221fd03afce&vjs=3	greenpath, inc.	Farmington Hills, MI	4-6 years of practical experience in software engineering. You will build and maintain software platforms for GreenPath....
Jr. Java Developer	https://www.indeed.com/company/Cloud-big-data/jobs/Junior-Java-Developer-c45738c860197b48?fccid=70ab0e6ccd0fd153&vjs=3	Cloud Big Data Technologies	Northville, MI	We are a Michigan based IT Company with our core area of expertise in BI/DW & Application Programming. Our consulting practice has a national foot print with...
Controls Software Programmer	https://www.indeed.com/rc/clk?jk=871773d9b4cd7328&fccid=6de606c99e747dd4&vjs=3	Data Acquisition & Control Systems	Brighton, MI	A prospective Software Programmer needs at least 5 years experience designing PLC software. Data Acquisition & Control Systems....
.Net Developer I	https://www.indeed.com/rc/clk?jk=85caa86be1f454b4&fccid=788a7fd79eec1d60&vjs=3	Domino's	Ann Arbor, MI 48106	Become familiar with medium-complexity features of the programming language and its core library. Understand the software development lifecycle for applications...
Software Developer, Enterprise Records	https://www.indeed.com/rc/clk?jk=dd985f59ef7f5e79&fccid=35fa439a19059a40&vjs=3	Tyler Technologies, Inc.	Troy, MI	Bachelor’s Degree in Computer Science, Software Engineering or related technical field. Knowledge of object oriented programming concepts....
Junior Full Stack Developer	https://www.indeed.com/rc/clk?jk=da5f776c571b2a48&fccid=3ac641078b706bab&vjs=3	Mathematica Policy Research	Ann Arbor, MI	A Bachelor’s degree in Computer Science or other relevant field or equivalent experience. Apply the appropriate standards, processes, procedures, and tools...
Software Programmer	https://www.indeed.com/rc/clk?jk=8d2fed8bfcbfe93c&fccid=bf999a7be7317f6b&vjs=3	Waltonen	Warren, MI 48088	C++, NX programs, website programming, or other programming knowledge. Junior Software Programmer. Program / create macros for engineering tools, CAD software,...
Data Engineering Intern - Summer 2019	https://www.indeed.com/rc/clk?jk=acd9601f7975509c&fccid=6a1520c3027994ce&vjs=3	Quicken Loans	Detroit, MI	The Rock Family of Companies is made up of nearly 100 separate businesses spanning fintech, sports, entertainment, real estate, startups and more. We’re...
IT Specialist	https://www.indeed.com/pagead/clk?mo=r&ad=-6NYlbfkN0DPHfgRsEG2wMmrBaSXouFYClxz2Vylx3wfq3jbfVSfdXhfyWqVNrGXUNsdcGT4HvlQsYfH0qOHxjgvUmh1PZepTrnUhr-GuI_s79Tvmyu1-wkOFKwcyli8KW9MSoS8czgNvBcvu35cILCjNNCgHmptVt0dUhbNEKhPAnLCJT7KRiAbB-XZr8OSYJ6uOS7Kby4ePe6Pe-y7ynG201GK8KhwYJzZZ8W_6YRQUApepy0dLDxRb6uCc0uRrQknV3h5sRrHe9SJcyWtdVwUTb20R-IqMeQfwELyTD39G-YKBrjoo408llZfBe91ochjEOouqttaS2zQOCbZAIK2ztsVV0WAjqq1Fric_XncgFECBX_I6t38UgiLfV1VG-BVHPLumBV1_M-65wtk16Y6Tkfg4oyjq3YYAkk5_PMhD4_J5P_yPaC9Nlf8kpTaBgYytLqDWDv_gD6hJU1n7nFJRJ1HqSOBdThP3QGBTl4oR5niKCeXfQ==&vjs=3&p=1&fvj=1	Confidential-Healthcare	East Lansing, MI 48823	Responsible for working with staff and providers to troubleshoot and fix basic hardware and software issues. Proficient in Allscripts EHR....
Software Application Developer (52308 AA)	https://www.indeed.com/pagead/clk?mo=r&ad=-6NYlbfkN0Az9dGzmoqKccvpcm3t3G7jEvFeta23pvltH6fcBy3LrPVjE2rxg7kPFDqNQ1VyFFxagvkP8oOapWueK3zp7hF1gcAzhfLHEnTzflLWLO2Sa-wM5zt_Hw1ImZZb0DV_Cnv7y3o4a79mGByyxL91pJ99UvegHmqr1OZeMgYHPoULmrYu2V_L16au09HZ-hegEWBXIb63QfY2HhhpnKvPxRqpxYO_K3pHl0UihB0Emak2QG-eK_ObKP65AKPJ5NU5pRXC8vRTAO9i3nrXUnC3QuRNbMokyEctRtWiFiwim6hxluH-Eo8hVzja8gxm8B3yYAFx8t1HTDwcC4L3DIQ48LxkIXfp-WmL-Zx_GOJVanFubFB1c9h1SmTT9cSMkcY4h-idwrcenkJoKfDvnK6Z0vYpQ7kAS0zGtx2EcMj1D2Y53Wvd7mnlPMUjdepmKc12fcDah8dlMMalnYUUyPcl-uQbeEYqshkcWq7HmG_l7SpgYyo9hlV9-SZsELlzIl30VbTb12rRf09DZ4RWWRrlTaq5&vjs=3&p=2&fvj=1	Fast Switch	Saginaw, MI	Knowledge of Object-Oriented Programming. Software development experience such as:. Software Application Developer General Job Description:....
Automotive Technician	https://www.indeed.com/pagead/clk?mo=r&ad=-6NYlbfkN0DmyaiNUkLJMqMNtUzIulABCjp9ED-yb1u-s0VbLyE3vlWOp2c_Ggp6zNAuntTGPizu8lIK9GDzYno7OcmnRyb9SO7dnZuRJZQky2jzAliP0iJBMqZH9E5yvcU50-mdGb57J39caTrvARbrh-s_HdQX9ftauJHiRrNX_CRlHxSWLwO0jh2oGboMQDC5EK7IqkXPcp0HALIwuRCbYevukCY22jkrE-zhR2ryCQIf0Rx2TcYfIBYQzp0VOiyazMS4-0m0pYAzp6pl73xnZquEcp7lYDWieSBw3AYdRz9-Ajhje-NFow5SvftPN4f8yv742v2WmWd9IxP6ntCvnSm5mPTVdS601Qznt3zEPNGvCJKNns_dw7jGDsX0xqhQEbCyjfHHW2a8fuF-FrrucZ--fQgGyzqgsv7S3L0YK8vLdGSWRjSgyEdosPZ1C2Lkh6ehoEfM_cgbQGM9OAch2srzREUljqiRqJ8ACgG7lHahG826yQMQaKSMLzmKTYhsBu8gSRI=&vjs=3&p=3&fvj=1	Rodenroth Motors, Inc.	Sault Sainte Marie, MI 49783	GM EXPERIENCE IS A PLUS! $5000 BONUS FOR THE RIGHT CANDIDATE! MUST HAVE STATE CERTIFICATION! SIGN ON BONUS FOR THE RIGHT PEOPLE! COMPETITIVE WAGES YOU...
Software Engineer	https://www.indeed.com/pagead/clk?mo=r&ad=-6NYlbfkN0BJOPRjWLdhgvo0mfdMEspxB1P-3fivB8ZTNYUfpprt-xj-PyvLRsWkNfHRqxPT7YXJE_w34_YZg-x-4zVUX-d9h_qJtUo3gXCayXij0_gMC4YDUuAyPsEJUoOokwp9lRtOgWc9je5NagLjDA72kQT7ZRZ301N2HSQMmNHTLgjqLa6e0cZLCNyK8Wp87zifbLQSJTZMtm-iAASl1lcnDM1nCGRZbmfc6bKcXD06AsNEdej60gPTsUy-ti71XFhqGstTL7QC35PuewEBUg8A7Y_vFSykvpXWcezs6DFVMY0cBuqX-lY9JB_OJ2YfjOmzbjsrpwTrEA4_C7W3Ul60-9eZUpEvrA5QXJOMDVGYVTCchz2Oaq4VY6t3R-1iuBY28Z_IQipNMm_cg3nKL0AVT_vPu_tjUGDam2QnmvjHPtJMcBCMApmFoQIsIFgDcPptdRa4kUoPrHKwuKj0K6TdTfCnoVQti-LDkPMPCK-cjgsSay4t53w35kgf1KnNx-9V3tE=&vjs=3&p=4&fvj=1	APT Research, Inc.	Warren, MI	This position will involve development and evaluations of software through all phases of software development life cycle, including software requirements,...
Senior IoT Software Engineer	https://www.indeed.com/pagead/clk?mo=r&ad=-6NYlbfkN0Ce9E3x4DcCWyaEn5SzHbu5Q2gF8cx23rMXEWmeXq3JqYyjcv1muCO3ctNlGOescyk3RlcWHuHC943jJdIui8C-H8eEyK0xYO8QZZ5spDwUsSvGMIM7jtHNFbQ6oLW6sAH0ZZO6sOsvj11CNpDdMJe0TuuNomWLpDxfYFIJ1ct8UyqYMxVDKJ_08f-d7Ouvoh6j_M95lhLAG0Go1weTxjnS6G_87qvQZLyNQfjG1CL6251_UNcRGkoutkHZ2fCTXnvfiPqekcrV2q10c2Pr7MufpU_Su-8YriKt-OIdyF56DkMO02xdlDdhNfg3HEs36H1esQ7XIVo3_28mfNeYhvfhnpVKkDJ-eIXuLkEFWD9puUye1mBqMmWcoxSBBQ2IB9CzCh2h1x902iYWXvsNSULWW5C08pH5oWTfCql5xvtgb9Pj4aKdyXHfBbP7Fi6CPx_ePWwvDReirZ3nlpadnKRxAAjawbbKzHeR463RWZhF8BlH9ana6pnIaESJQ5qLW7gcIYVXPjihNw==&vjs=3&p=5&fvj=1	Location Services, LLC	Ann Arbor, MI	Strong knowledge of object-oriented programming concepts. Our software development team is growing and looking for lead software developers who want to design,...
Software Quality Assurance Automation Engineer	https://www.indeed.com/pagead/clk?mo=r&ad=-6NYlbfkN0AAs5a8X1e-2Z8OJFUGKkOM8PY-yGeOQW-8A9p9W76FMAmNxBYHRWOOzV9JK-wYLt5LETeFzoloI0iJc8nrE_e138qXNiwuIIf3MHul1YwgC-bfYGDLQi4xQGCflkVzuWC7yDUk0SyW8HUyhUpoPLlllQ8SKK_FTQH2tkZhGuhByOyAxoEcArLLDly84Ru4zizLZEULE3tdLdZHD6KPXPNJuZRAuD2R6uaRCAYNGe80q2CWl1fsoXbofFBvDfmLkVl8U1O2d3ZyVegOATWpqP-ehunc1Iv0vCRJuPEeWKi7iEk3nqsYa0R8gSwHB35Psbu7iXMUVBVQEgyebJStrd0PdAlpPG0_nLVNVNY_LEdc9F90gQgL1Rr9aYU_8QnzlQSOGdrxcZmdt-KeSQafXQIEuGXa4fcKscNarC2xOmwBlEWKyNosIt6hyR1Uc3oqqP6oOqNvp2tWsvjvkgP9FoIfSMVy7vY9DcZ0rcObge9b-nfErnHhC9_9XEgwnXVc0xF1UhDf76wZ738QVNg4JjyL47mD_o1h6pXyQy7eI9bESBlVwlGFLpfJ0yf6g-gnZsz8mZ7Ew4ghBX_VyGQo2XqrJF1TzWZr7BnNEAgheAb8bA==&vjs=3&p=6&fvj=0	MSU Federal Credit Union	East Lansing, MI 48823	Software testing, software development, accessibility, usability. Bachelor’s Degree in software engineering, computer science, or related field preferred....
Software Developer/Administrator	https://www.indeed.com/pagead/clk?mo=r&ad=-6NYlbfkN0AHu6iHo_UsXgM9kfBFlc5QVOhOe1JniIZYFa2Kb2bNFV1GAa3tvOjW918fQx-QuqAnNN13TCjCnuy-W_31aAkdg4LNHl2Uqp3X8r4HaQvlafAUDX4SQPz9ABb3Ta7niiyk1E4o-6h4s_c9J8UqLzDQ7L8JMMBPIQyJB-wK28BgJO3Gdwsg-7YCdRsICRqhrJ32r0lh6NS0ptN999IyOKpB9UoXEFVfGuSJTRwsTl1vcH_bXsiP7ibm_neXQhlWh5ts6-DLPtIn_8tm-q4p1ODImdXwVoqFQqKIU5c0PMgQFY4YnBkyhfJxzbgXJLVK3Ln43kxlV_Q8pX_0HpG8bMlLErH9Tc8g7AFWtdh8Tt_ubTarXtCYZzY56JgxZgzz6KPnnqGphSwXD2kU4MrASl4VdPgax4FEaSWyRajkU3BQtdYVK81r2audgr8gpGE-lnbc7_zMbtw_FM1b8L2n_-eYASgaSqIpx7WRROu7UfsPorg_MTzivzQAuRYzC1iT9YlIwDhLrViKn_5zk46p3rmco9E1EiNNQdhl_q2nmFc3mojv_Sl91r0MVPnEMj2hu0s=&vjs=3&p=7&fvj=0	BHI Energy	Bridgman, MI	The Software Developer/Administrator designs, modifies, develops, writes and implements software programming applications and components....
